millis|humidity|temperatureDHT|temperatureBMP|pressure|altitude|temperatureRod
898|37.10|23.70|22.60|96570.00|403.56|27.81
6705|37.70|23.70|22.60|96573.00|403.30|27.75
12511|38.00|23.70|22.60|96579.00|402.78|27.75
18318|37.90|23.70|22.60|96579.00|402.78|27.75
24125|37.70|23.70|22.60|96567.00|403.82|27.75
29933|37.60|23.70|22.60|96573.00|403.30|27.75
35740|37.50|23.70|22.60|96573.00|403.30|27.75
41547|37.50|23.70|22.70|96573.00|403.30|27.75
47354|37.60|23.70|22.70|96578.00|402.87|27.69
53160|37.60|23.80|22.70|96567.00|403.82|27.69
58969|37.40|23.80|22.70|96575.00|403.13|27.69
64777|37.30|23.80|22.70|96572.00|403.38|27.69
70585|37.30|23.80|22.80|96572.00|403.38|27.75
76392|37.30|23.80|22.80|96575.00|403.13|27.69
82199|37.10|23.80|22.80|96575.00|403.13|27.62
88005|36.90|23.80|22.80|96569.00|403.64|27.62
93812|36.70|23.80|22.80|96580.00|402.69|27.69
99620|36.50|23.80|22.90|96577.00|402.95|27.69
105427|36.30|23.80|22.90|96580.00|402.69|27.69
111235|36.10|23.90|22.90|96571.00|403.47|27.69
117042|35.90|23.80|22.90|96571.00|403.47|27.75
122848|35.80|23.80|22.90|96574.00|403.21|27.75
128656|35.60|23.90|22.90|96571.00|403.47|27.75
134463|35.50|23.90|23.00|96576.00|403.04|27.69
140271|35.40|23.90|23.00|96576.00|403.04|27.62
146078|35.20|23.90|23.00|96582.00|402.52|27.62
151885|35.10|23.90|23.00|96576.00|403.04|27.56
157692|35.00|23.90|23.00|96579.00|402.78|27.56
163500|35.00|23.90|23.10|96570.00|403.56|27.56
169306|34.90|23.90|23.10|96572.00|403.38|27.56
175113|34.80|23.90|23.10|96567.00|403.82|27.56
180921|34.70|24.00|23.10|96567.00|403.82|27.56
186730|34.70|24.00|23.10|96566.00|403.90|27.62
192537|34.60|24.00|23.10|96575.00|403.13|27.62
198343|34.50|24.00|23.20|96572.00|403.38|27.62
204151|34.40|24.00|23.20|96580.00|402.69|27.62
209958|34.30|24.00|23.20|96575.00|403.13|27.62
215764|34.30|24.00|23.20|96563.00|404.16|27.56
221572|34.20|24.00|23.20|96577.00|402.95|27.56
227380|34.10|24.00|23.20|96574.00|403.21|27.56
233187|34.10|24.10|23.30|96577.00|402.95|27.56
238993|34.10|24.10|23.30|96568.00|403.73|27.50
244801|34.00|24.10|23.30|96577.00|402.95|27.50
250610|34.00|24.10|23.30|96577.00|402.95|27.50
256417|33.90|24.10|23.30|96576.00|403.04|27.50
262224|33.90|24.10|23.30|96573.00|403.30|27.50
268030|33.90|24.10|23.30|96571.00|403.47|27.44
273839|33.80|24.10|23.40|96573.00|403.30|27.44
279646|33.80|24.10|23.40|96564.00|404.08|27.44
285452|33.70|24.10|23.40|96570.00|403.56|27.44
291260|33.70|24.10|23.40|96564.00|404.08|27.44
297067|33.70|24.20|23.40|96576.00|403.04|27.44
302873|33.60|24.20|23.40|96573.00|403.30|27.44
308681|33.60|24.20|23.40|96570.00|403.56|27.44
314494|33.50|24.20|23.50|96564.00|404.08|27.44
320304|33.50|24.20|23.50|96567.00|403.82|27.50
326112|33.50|24.20|23.50|96567.00|403.82|27.44
331919|33.40|24.20|23.50|96564.00|404.08|27.44
337727|33.40|24.20|23.50|96561.00|404.34|27.44
343534|33.30|24.20|23.50|96561.00|404.34|27.44
349343|33.30|24.20|23.50|96569.00|403.64|27.50
355150|33.30|24.20|23.50|96563.00|404.16|27.44
360960|33.30|24.20|23.60|96569.00|403.64|27.44
366767|33.30|24.20|23.60|96569.00|403.64|27.44
372576|33.20|24.20|23.60|96563.00|404.16|27.37
378385|33.20|24.30|23.60|96560.00|404.42|27.37
384192|33.20|24.20|23.60|96563.00|404.16|27.37
390000|33.20|24.20|23.60|96566.00|403.90|27.37
395808|33.20|24.30|23.60|96568.00|403.73|27.37
401615|33.10|24.30|23.60|96571.00|403.47|27.37
407424|33.10|24.30|23.70|96571.00|403.47|27.37
413233|33.10|24.30|23.70|96571.00|403.47|27.37
419041|33.20|24.30|23.70|96565.00|403.99|27.37
424848|33.10|24.30|23.70|96560.00|404.42|27.44
430656|33.10|24.30|23.70|96568.00|403.73|27.44
436465|33.10|24.30|23.70|96554.00|404.94|27.37
442274|33.10|24.30|23.70|96568.00|403.73|27.37
448082|33.00|24.30|23.70|96562.00|404.25|27.37
453891|33.00|24.30|23.70|96576.00|403.04|27.44
459698|33.00|24.40|23.70|96571.00|403.47|27.50
465507|33.00|24.30|23.80|96567.00|403.82|27.44
471315|33.00|24.40|23.80|96570.00|403.56|27.44
477122|32.90|24.40|23.80|96570.00|403.56|27.44
482931|32.90|24.40|23.80|96573.00|403.30|27.44
488739|32.90|24.40|23.80|96567.00|403.82|27.44
494546|32.90|24.50|23.80|96573.00|403.30|27.50
500356|32.80|24.40|23.80|96573.00|403.30|27.50
506165|32.80|24.40|23.80|96564.00|404.08|27.50
511972|32.80|24.40|23.80|96570.00|403.56|27.50
517780|32.70|24.50|23.80|96567.00|403.82|27.44
523589|32.70|24.50|23.90|96556.00|404.77|27.50
529397|32.70|24.50|23.90|96567.00|403.82|27.50
535205|32.70|24.50|23.90|96564.00|404.08|27.50
541012|32.70|24.50|23.90|96572.00|403.38|27.50
546822|32.70|24.50|23.90|96572.00|403.38|27.50
552630|32.70|24.50|23.90|96572.00|403.38|27.56
558439|32.60|24.50|23.90|96561.00|404.34|27.56
564246|32.70|24.50|23.90|96563.00|404.16|27.56
570054|32.60|24.50|23.90|96559.00|404.51|27.56
575863|32.60|24.50|23.90|96572.00|403.38|27.56
581671|32.60|24.60|23.90|96569.00|403.64|27.56
587479|32.60|24.50|24.00|96558.00|404.60|27.50
593288|32.60|24.60|24.00|96563.00|404.16|27.50
599096|32.60|24.60|24.00|96560.00|404.42|27.50
604903|32.50|24.60|24.00|96569.00|403.64|27.50
610712|32.50|24.60|24.00|96563.00|404.16|27.50
616520|32.50|24.60|24.00|96566.00|403.90|27.50
622329|32.50|24.60|24.00|96563.00|404.16|27.50
628136|32.50|24.60|24.00|96566.00|403.90|27.50
633945|32.50|24.60|24.00|96565.00|403.99|27.50
639753|32.50|24.70|24.00|96563.00|404.16|27.44
645560|32.50|24.70|24.00|96565.00|403.99|27.44
651369|32.40|24.70|24.10|96562.00|404.25|27.37
657177|32.40|24.70|24.10|96565.00|403.99|27.37
662984|32.30|24.70|24.10|96562.00|404.25|27.37
668792|32.30|24.70|24.10|96571.00|403.47|27.37
674601|32.30|24.70|24.10|96562.00|404.25|27.37
680410|32.30|24.70|24.10|96568.00|403.73|27.31
686219|32.30|24.70|24.10|96565.00|403.99|27.37
692026|32.30|24.70|24.10|96574.00|403.21|27.37
697834|32.30|24.70|24.10|96568.00|403.73|27.37
703643|32.30|24.80|24.10|96565.00|403.99|27.44
709451|32.20|24.80|24.20|96562.00|404.25|27.44
715258|32.30|24.80|24.20|96573.00|403.30|27.44
721067|32.30|24.80|24.20|96565.00|403.99|27.44
726874|32.20|24.80|24.20|96573.00|403.30|27.44
732683|32.20|24.80|24.20|96570.00|403.56|27.44
738491|32.20|24.80|24.20|96561.00|404.34|27.44
744300|32.10|24.80|24.20|96564.00|404.08|27.44
750108|32.10|24.80|24.20|96564.00|404.08|27.44
755916|32.10|24.80|24.20|96567.00|403.82|27.50
761723|32.10|24.80|24.20|96564.00|404.08|27.50
767533|32.10|24.80|24.20|96573.00|403.30|27.56
773340|32.10|24.80|24.20|96570.00|403.56|27.56
779149|32.10|24.80|24.30|96567.00|403.82|27.56
784957|32.10|24.90|24.30|96570.00|403.56|27.56
790764|32.00|24.80|24.30|96570.00|403.56|27.62
796573|32.00|24.90|24.30|96567.00|403.82|27.69
802380|32.00|24.80|24.30|96561.00|404.34|27.75
808190|32.00|24.80|24.30|96567.00|403.82|27.75
813999|32.00|24.80|24.30|96561.00|404.34|27.69
819806|32.00|24.90|24.30|96567.00|403.82|27.62
825615|32.00|24.90|24.30|96564.00|404.08|27.62
831422|32.00|24.90|24.30|96569.00|403.64|27.69
837231|32.00|24.90|24.30|96569.00|403.64|27.69
843039|32.00|24.90|24.30|96575.00|403.13|27.62
848847|32.00|24.90|24.40|96572.00|403.38|27.56
854656|32.10|25.00|24.40|96560.00|404.42|27.56
860463|32.10|24.90|24.40|96569.00|403.64|27.62
866272|32.10|25.00|24.40|96575.00|403.13|27.75
872082|32.00|25.00|24.40|96572.00|403.38|28.19
877890|32.00|25.00|24.40|96563.00|404.16|28.62
883697|31.90|25.00|24.40|96575.00|403.13|29.06
889506|31.90|25.00|24.40|96566.00|403.90|29.44
895314|31.90|25.00|24.40|96568.00|403.73|29.75
901123|31.80|25.00|24.40|96563.00|404.16|29.87
906930|31.80|25.00|24.50|96568.00|403.73|29.81
912739|31.80|25.00|24.50|96571.00|403.47|29.81
918547|31.80|25.00|24.50|96574.00|403.21|29.94
924355|31.80|25.00|24.50|96574.00|403.21|29.81
930164|31.80|25.10|24.50|96577.00|402.95|29.62
935972|31.80|25.10|24.50|96565.00|403.99|29.50
941780|31.70|25.10|24.50|96562.00|404.25|29.31
947589|31.70|25.10|24.50|96554.00|404.94|29.12
953397|31.80|25.10|24.50|96560.00|404.42|29.06
959205|31.90|25.20|24.50|96568.00|403.73|29.06
965013|31.90|25.10|24.60|96565.00|403.99|29.00
970821|31.90|25.10|24.60|96567.00|403.82|29.00
976629|31.90|25.20|24.60|96564.00|404.08|29.00
982437|31.90|25.20|24.60|96564.00|404.08|29.00
988246|31.90|25.20|24.60|96570.00|403.56|29.06
994055|31.90|25.20|24.60|96559.00|404.51|29.25
999871|31.80|25.20|24.60|96561.00|404.34|29.31
1005680|31.80|25.20|24.60|96559.00|404.51|29.37
1011488|31.80|25.20|24.70|96561.00|404.34|29.50
1017296|31.80|25.30|24.70|96564.00|404.08|29.75
1023105|31.80|25.30|24.70|96572.00|403.38|30.00
1028913|31.90|25.30|24.70|96566.00|403.90|30.06
1034721|31.90|25.30|24.70|96563.00|404.16|30.12
1040529|31.90|25.30|24.70|96569.00|403.64|30.12
1046337|31.90|25.30|24.70|96560.00|404.42|30.19
1052145|31.90|25.30|24.80|96558.00|404.60|30.31
1057955|31.90|25.30|24.80|96558.00|404.60|30.44
1063764|31.90|25.30|24.80|96563.00|404.16|30.56
1069573|31.90|25.40|24.80|96520.00|407.89|30.81
1075382|32.00|25.30|24.80|96514.00|408.40|31.00
1081190|31.90|25.40|24.80|96346.00|422.96|30.94
1086998|31.90|25.40|24.80|96015.00|451.70|30.56
1092806|32.10|25.40|24.90|95708.00|478.43|30.25
1098614|32.30|25.50|24.90|95421.00|503.48|29.81
1104421|32.20|25.40|24.90|95141.00|527.98|29.37
1110231|32.10|25.50|24.90|94808.00|557.19|28.87
1116041|32.10|25.50|24.90|94596.00|575.83|28.44
1121850|32.00|25.50|24.90|94315.00|600.59|28.12
1127658|31.90|25.50|24.90|94039.00|624.97|27.69
1133466|31.80|25.50|25.00|93803.00|645.86|27.56
1139274|31.70|25.50|25.00|93603.00|663.59|27.37
1145082|31.60|25.60|25.00|93351.00|685.99|27.12
1150889|31.50|25.60|25.00|93090.00|709.23|26.87
1156699|31.40|25.60|25.00|92863.00|729.49|26.62
1162507|31.30|25.60|25.00|92717.00|742.54|26.44
1168314|31.20|25.60|25.00|92517.00|760.44|26.19
1174123|31.10|25.60|25.10|92273.00|782.33|25.87
1179933|31.10|25.70|25.10|92030.00|804.17|25.81
1185741|31.00|25.70|25.10|91820.00|823.09|25.50
1191548|30.90|25.70|25.10|91692.00|834.63|25.12
1197358|30.90|25.70|25.10|91489.00|852.97|24.75
1203166|30.80|25.70|25.10|91289.00|871.07|24.50
1208973|30.90|25.70|25.10|91039.00|893.74|24.19
1214782|30.80|25.70|25.20|90786.00|916.73|23.81
1220590|30.80|25.70|25.20|90606.00|933.12|23.56
1226397|30.70|25.80|25.20|90400.00|951.92|23.12
1232206|30.60|25.80|25.20|90193.00|970.83|22.81
1238017|30.50|25.80|25.20|89997.00|988.78|22.44
1243825|30.50|25.80|25.20|89790.00|1007.76|22.19
1249632|30.30|25.80|25.20|89618.00|1023.56|21.94
1255441|30.20|25.80|25.20|89444.00|1039.57|21.69
1261250|30.10|25.80|25.20|89230.00|1059.30|21.44
1267058|30.00|25.90|25.30|88998.00|1080.73|21.37
1272866|30.00|25.90|25.30|88733.00|1105.26|21.12
1278675|29.90|25.90|25.30|88504.00|1126.51|20.94
1284484|29.80|25.90|25.30|88251.00|1150.03|20.94
1290292|29.70|25.90|25.30|88002.00|1173.24|20.62
1296105|29.60|25.90|25.30|87691.00|1202.30|20.37
1301913|29.30|25.90|25.30|87412.00|1228.44|20.00
1307721|29.10|25.90|25.30|87232.00|1245.34|19.87
1313530|29.10|25.90|25.30|87014.00|1265.85|20.06
1319337|29.10|25.90|25.30|86781.00|1287.81|20.12
1325147|29.10|25.90|25.30|86552.00|1309.45|20.12
1330954|29.10|25.90|25.30|86354.00|1328.19|20.00
1336763|29.10|26.00|25.40|86166.00|1346.02|19.87
1342571|29.10|25.90|25.30|85934.00|1368.06|19.75
1348379|29.20|26.00|25.40|85742.00|1386.34|19.62
1354187|29.20|26.00|25.40|85441.00|1415.07|19.37
1359993|29.10|26.00|25.40|85185.00|1439.56|19.25
1365803|28.80|26.00|25.40|84880.00|1468.82|19.00
1371610|28.80|26.00|25.40|84600.00|1495.76|18.69
1377419|28.70|26.00|25.40|84334.00|1521.42|18.50
1383227|28.60|26.00|25.40|84040.00|1549.85|18.44
1389034|28.50|26.00|25.40|83811.00|1572.06|18.19
1394843|28.40|26.00|25.40|83580.00|1594.50|18.00
1400650|28.40|26.00|25.40|83373.00|1614.66|17.87
1406459|28.50|26.00|25.40|83151.00|1636.33|17.75
1412267|28.60|26.00|25.40|82937.00|1657.26|17.75
1418076|28.60|26.00|25.40|82714.00|1679.11|17.81
1423885|28.60|26.00|25.40|82468.00|1703.28|17.56
1429692|28.20|26.00|25.40|82251.00|1724.64|17.25
1435501|28.20|26.00|25.40|81928.00|1756.52|16.94
1441308|28.00|26.00|25.40|81635.00|1785.53|16.50
1447117|27.80|26.00|25.40|81357.00|1813.14|16.12
1452925|27.80|26.00|25.40|81105.00|1838.23|15.94
1458734|27.40|26.00|25.40|80904.00|1858.28|15.75
1464543|27.40|26.00|25.40|80697.00|1878.98|15.63
1470350|27.50|26.00|25.40|80528.00|1895.91|15.44
1476160|27.60|26.00|25.40|80352.00|1913.57|15.25
1481969|27.70|26.00|25.40|80115.00|1937.40|15.13
1487776|27.70|26.00|25.40|79808.00|1968.36|15.13
1493585|27.70|26.00|25.40|79504.00|1999.11|14.88
1499394|27.60|26.00|25.40|79190.00|2030.97|14.75
1505201|27.50|26.00|25.40|78947.00|2055.70|14.69
1511010|27.00|26.00|25.40|78742.00|2076.61|14.88
1516817|26.60|26.00|25.40|78581.00|2093.06|14.94
1522626|26.30|26.00|25.40|78372.00|2114.45|14.88
1528433|26.00|26.00|25.40|78137.00|2138.57|14.75
1534243|26.00|26.00|25.40|77923.00|2160.58|14.56
1540050|25.90|26.00|25.40|77662.00|2187.49|14.44
1545860|25.80|26.00|25.40|77486.00|2205.68|14.25
1551667|25.80|26.00|25.40|77243.00|2230.84|14.31
1557476|26.00|26.00|25.40|76944.00|2261.90|14.00
1563283|25.70|26.00|25.40|76663.00|2291.17|13.69
1569092|25.60|25.90|25.40|76437.00|2314.78|13.56
1574899|25.40|26.00|25.40|76147.00|2345.16|13.44
1580708|25.40|25.90|25.40|75971.00|2363.64|13.19
1586518|25.00|25.90|25.40|75822.00|2379.31|13.00
1592328|25.20|25.90|25.40|75636.00|2398.91|12.88
1598136|25.40|25.90|25.40|75383.00|2425.63|12.81
1603944|25.60|25.90|25.40|75087.00|2456.99|12.81
1609752|25.90|25.80|25.40|74780.00|2489.62|12.69
1615560|26.00|25.90|25.40|74517.00|2517.65|12.69
1621369|26.00|25.90|25.40|74283.00|2542.67|12.50
1627177|26.00|25.80|25.30|74072.00|2565.28|12.44
1632985|25.80|25.80|25.30|73893.00|2584.50|12.38
1638793|25.50|25.80|25.30|73692.00|2606.13|12.25
1644602|25.40|25.80|25.30|73487.00|2628.24|12.13
1650409|25.30|25.80|25.30|73232.00|2655.81|11.94
1656219|25.20|25.80|25.30|73069.00|2673.47|11.88
1662026|24.60|25.80|25.30|72898.00|2692.04|12.13
1667834|24.50|25.80|25.30|72632.00|2720.99|12.13
1673644|24.50|25.80|25.30|72337.00|2753.20|11.75
1679452|23.60|25.70|25.30|72078.00|2781.56|11.50
1685260|23.60|25.70|25.30|71870.00|2804.40|11.44
1691067|23.70|25.70|25.20|71675.00|2825.87|11.25
1696875|23.70|25.70|25.20|71517.00|2843.29|11.13
1702684|23.70|25.70|25.20|71286.00|2868.82|10.94
1708493|23.50|25.70|25.20|71018.00|2898.52|10.69
1714304|22.90|25.70|25.20|70777.00|2925.31|10.63
1720112|23.00|25.70|25.20|70555.00|2950.05|10.75
1725919|23.20|25.70|25.20|70399.00|2967.47|10.69
1731728|23.30|25.60|25.20|70206.00|2989.07|10.63
1737536|23.20|25.60|25.20|69984.00|3013.98|10.63
1743343|23.30|25.60|25.10|69681.00|3048.07|10.69
1749152|23.30|25.60|25.10|69383.00|3081.72|10.56
1754961|22.80|25.60|25.10|69088.00|3115.15|10.63
1760770|22.50|25.50|25.10|68828.00|3144.70|10.50
1766578|22.20|25.50|25.10|68606.00|3170.01|10.63
1772387|22.00|25.50|25.10|68302.00|3204.78|10.50
1778195|21.60|25.50|25.10|68121.00|3225.53|10.56
1784003|20.70|25.50|25.10|67850.00|3256.70|10.81
1789811|20.90|25.40|25.00|67593.00|3286.34|10.69
1795619|20.70|25.40|25.00|67410.00|3307.51|10.50
1801427|21.50|25.40|25.00|67259.00|3325.01|10.44
1807236|22.10|25.30|25.00|67059.00|3348.24|10.38
1813044|22.50|25.40|25.00|66851.00|3372.45|10.06
1818851|22.80|25.30|25.00|66600.00|3401.76|9.81
1824659|22.90|25.30|24.90|66386.00|3426.81|9.81
1830468|22.80|25.30|24.90|66216.00|3446.76|9.88
1836277|22.80|25.30|24.90|66059.00|3465.22|9.88
1842086|22.70|25.30|24.90|65845.00|3490.45|9.69
1847895|22.70|25.30|24.90|65636.00|3515.14|9.50
1853703|22.60|25.30|24.90|65432.00|3539.31|9.38
1859511|22.30|25.20|24.80|65134.00|3574.72|9.38
1865318|21.20|25.20|24.80|64950.00|3596.65|9.38
1871126|20.40|25.20|24.80|64758.00|3619.59|9.25
1876935|20.90|25.20|24.80|64510.00|3649.30|9.19
1882743|21.40|25.20|24.80|64288.00|3675.97|9.25
1888551|21.90|25.20|24.80|64059.00|3703.56|9.19
1894361|22.10|25.10|24.80|63804.00|3734.38|9.00
1900169|22.00|25.10|24.70|63591.00|3760.20|9.06
1905977|22.00|25.10|24.70|63310.00|3794.38|8.81
1911785|21.80|25.00|24.70|63048.00|3826.35|8.81
1917592|20.90|25.00|24.70|62821.00|3854.13|8.94
1923400|21.10|25.00|24.70|62582.00|3883.48|8.88
1929209|21.70|25.00|24.70|62412.00|3904.40|8.81
1935017|22.00|24.90|24.60|62223.00|3927.73|8.81
1940826|22.00|25.00|24.60|62011.00|3953.95|8.94
1946634|22.10|24.90|24.60|61826.00|3976.90|8.69
1952443|22.10|24.90|24.60|61651.00|3998.66|8.44
1958251|22.00|24.90|24.60|61450.00|4023.71|8.31
1964058|21.80|24.90|24.60|61250.00|4048.70|8.19
1969866|21.70|24.90|24.50|61070.00|4071.25|8.00
1975675|21.60|24.80|24.50|60913.00|4090.97|8.06
1981484|21.50|24.80|24.50|60701.00|4117.65|8.13
1987292|21.40|24.80|24.50|60506.00|4142.26|7.88
1993099|21.30|24.80|24.50|60311.00|4166.93|7.94
1998907|21.30|24.80|24.50|60126.00|4190.40|7.88
2004716|21.30|24.70|24.50|59972.00|4209.99|7.69
2010525|21.30|24.70|24.40|59779.00|4234.58|7.44
2016335|21.30|24.70|24.40|59560.00|4262.57|7.31
2022145|21.60|24.70|24.40|59337.00|4291.16|7.31
2027953|21.80|24.60|24.40|59112.00|4320.09|7.13
2033761|21.90|24.60|24.40|58964.00|4339.17|7.06
2039568|21.80|24.60|24.40|58778.00|4363.20|7.06
2045376|21.60|24.60|24.30|58518.00|4396.90|6.81
2051185|21.50|24.60|24.30|58332.00|4421.08|6.75
2056994|21.40|24.50|24.30|58113.00|4449.63|6.50
2062811|21.10|24.50|24.30|57905.00|4476.83|6.25
2068619|20.80|24.50|24.30|57671.00|4507.52|6.19
2074428|20.70|24.40|24.20|57463.00|4534.89|5.75
2080236|20.60|24.40|24.20|57299.00|4556.53|5.44
2086045|20.50|24.40|24.20|57101.00|4582.71|4.75
2091854|20.50|24.40|24.20|56917.00|4607.12|4.25
2097662|20.50|24.40|24.20|56737.00|4631.05|3.94
2103471|20.60|24.40|24.10|56559.00|4654.78|3.56
2109278|20.60|24.30|24.10|56342.00|4683.78|3.25
2115086|20.40|24.30|24.10|56140.00|4710.87|2.69
2120894|20.30|24.30|24.10|56022.00|4726.73|2.31
2126702|20.20|24.20|24.10|55873.00|4746.79|1.94
2132511|20.20|24.20|24.00|55724.00|4766.89|1.50
2138320|20.30|24.20|24.00|55546.00|4790.97|1.25
2144130|20.40|24.20|24.00|55389.00|4812.26|1.12
2149939|20.40|24.20|24.00|55258.00|4830.06|0.81
2155748|20.20|24.20|23.90|55039.00|4859.89|0.44
2161556|20.10|24.10|23.90|54784.00|4894.75|0.25
2167364|18.30|24.10|23.90|54553.00|4926.44|0.19
2173172|18.20|24.10|23.90|54377.00|4950.66|0.44
2178980|19.00|24.00|23.90|54179.00|4977.98|0.31
2184787|19.50|24.00|23.90|53984.00|5004.97|0.37
2190597|19.70|24.00|23.80|53781.00|5033.15|0.50
2196407|19.90|24.00|23.80|53633.00|5053.75|0.44
2202216|20.10|23.90|23.80|53453.00|5078.87|0.25
2208025|19.90|24.00|23.70|53231.00|5109.93|0.44
2213833|19.80|23.90|23.70|53018.00|5139.84|0.25
2219641|19.60|23.90|23.70|52848.00|5163.78|0.31
2225449|19.60|23.80|23.70|52613.00|5196.98|0.44
2231257|19.60|23.80|23.70|52372.00|5231.15|0.31
2237065|19.90|23.80|23.70|52142.00|5263.88|0.44
2242873|20.00|23.80|23.60|51980.00|5287.00|0.31
2248682|20.00|23.70|23.60|51833.00|5308.03|0.12
2254491|20.00|23.70|23.60|51619.00|5338.74|0.25
2260304|19.90|23.70|23.50|51378.00|5373.44|0.06
2266112|19.90|23.70|23.50|51131.00|5409.14|0.06
2271921|20.10|23.60|23.50|50913.00|5440.77|-0.19
2277729|20.20|23.60|23.50|50744.00|5465.37|-0.12
2283537|20.10|23.60|23.50|50500.00|5500.99|-0.19
2289344|19.90|23.60|23.40|50279.00|5533.38|-0.63
2295153|19.20|23.50|23.40|50105.00|5558.96|-0.75
2300962|18.80|23.50|23.40|49944.00|5582.69|-1.12
2306770|18.60|23.50|23.30|49778.00|5607.23|-1.25
2312579|18.70|23.50|23.30|49593.00|5634.66|-1.12
2318388|18.90|23.40|23.30|49432.00|5658.59|-1.31
2324196|19.10|23.40|23.30|49303.00|5677.81|-1.50
2330004|19.10|23.30|23.30|49179.00|5696.32|-1.63
2335812|19.10|23.30|23.20|49057.00|5714.58|-1.75
2341619|19.30|23.30|23.20|48926.00|5734.22|-2.19
2347428|19.80|23.30|23.20|48774.00|5757.06|-2.69
2353238|20.20|23.20|23.20|48571.00|5787.66|-3.06
2359046|20.20|23.20|23.10|48393.00|5814.58|-3.44
2364854|19.90|23.20|23.10|48251.00|5836.10|-3.75
2370661|19.70|23.20|23.10|48146.00|5852.06|-4.25
2376470|19.60|23.10|23.00|47999.00|5874.44|-4.56
2382278|19.70|23.10|23.00|47800.00|5904.82|-4.56
2388087|19.50|23.10|23.00|47645.00|5928.56|-4.75
2393896|19.30|23.00|23.00|47521.00|5947.60|-4.81
2399705|19.30|23.00|22.90|47357.00|5972.84|-4.88
2405512|19.30|22.90|22.90|47133.00|6007.42|-5.06
2411320|19.10|22.90|22.90|46883.00|6046.18|-5.38
2417129|19.00|22.90|22.80|46704.00|6074.04|-5.69
2422938|19.10|22.80|22.80|46523.00|6102.29|-6.00
2428746|19.00|22.80|22.80|46351.00|6129.22|-6.13
2434555|19.00|22.80|22.80|46214.00|6150.73|-6.25
2440363|19.20|22.70|22.70|46108.00|6167.41|-6.44
2446171|19.10|22.70|22.70|45998.00|6184.74|-6.56
2451980|19.10|22.70|22.70|45849.00|6208.28|-6.50
2457789|19.00|22.70|22.60|45738.00|6225.86|-6.69
2463597|19.20|22.60|22.60|45624.00|6243.95|-6.69
2469404|19.50|22.60|22.60|45520.00|6260.48|-6.50
2475213|19.40|22.60|22.60|45432.00|6274.50|-6.56
2481021|19.40|22.50|22.50|45335.00|6289.97|-6.75
2486829|19.60|22.50|22.50|45230.00|6306.75|-6.63
2492638|20.00|22.40|22.50|45120.00|6324.36|-6.75
2498448|20.10|22.40|22.40|45016.00|6341.05|-6.88
2504256|20.30|22.40|22.40|44920.00|6356.47|-6.56
2510063|20.50|22.30|22.40|44825.00|6371.77|-6.56
2515871|20.70|22.30|22.30|44728.00|6387.41|-6.69
2521679|20.80|22.30|22.30|44623.00|6404.37|-6.81
2527488|20.70|22.20|22.30|44523.00|6420.56|-7.13
2533296|20.70|22.20|22.20|44413.00|6438.40|-7.31
2539104|20.70|22.20|22.20|44306.00|6455.78|-7.50
2544913|20.80|22.10|22.20|44202.00|6472.71|-7.31
2550722|20.70|22.10|22.20|44088.00|6491.31|-7.38
2556532|20.80|22.10|22.10|43902.00|6521.74|-7.38
2562341|20.80|22.00|22.10|43742.00|6547.99|-7.50
2568150|20.90|22.00|22.10|43554.00|6578.94|-7.44
2573957|20.90|22.00|22.00|43402.00|6604.05|-7.44
2579766|20.80|22.00|22.00|43232.00|6632.20|-7.25
2585574|20.70|21.90|22.00|43111.00|6652.30|-7.25
2591382|20.70|21.90|21.90|43009.00|6669.28|-7.44
2597190|20.50|21.80|21.90|42913.00|6685.29|-7.50
2602997|20.40|21.80|21.90|42825.00|6699.99|-7.19
2608805|20.30|21.80|21.80|42721.00|6717.39|-7.06
2614615|20.50|21.80|21.80|42598.00|6738.02|-7.13
2620424|20.70|21.70|21.80|42477.00|6758.36|-7.38
2626233|20.90|21.70|21.80|42294.00|6789.21|-7.63
2632041|20.90|21.70|21.70|42136.00|6815.94|-8.00
2637848|20.60|21.70|21.70|41962.00|6845.46|-8.00
2643657|20.20|21.60|21.70|41829.00|6868.10|-8.13
2649466|20.20|21.50|21.60|41718.00|6887.03|-8.31
2655275|20.20|21.50|21.60|41603.00|6906.69|-8.75
2661082|20.30|21.50|21.60|41442.00|6934.29|-9.38
2666890|20.70|21.40|21.50|41290.00|6960.43|-9.75
2672699|20.80|21.40|21.50|41193.00|6977.15|-10.00
2678508|20.60|21.30|21.50|41075.00|6997.53|-10.06
2684317|20.20|21.30|21.40|40964.00|7016.74|-9.75
2690125|20.00|21.30|21.40|40851.00|7036.35|-9.50
2695932|20.00|21.20|21.40|40724.00|7058.44|-9.63
2701741|20.10|21.20|21.40|40628.00|7075.17|-9.88
2707550|20.30|21.20|21.30|40512.00|7095.44|-10.13
2713359|20.50|21.20|21.30|40390.00|7116.80|-10.38
2719167|20.70|21.10|21.20|40227.00|7145.41|-10.75
2724974|20.80|21.10|21.20|40066.00|7173.78|-11.13
2730783|20.80|21.00|21.20|39899.00|7203.29|-11.44
2736592|20.60|21.00|21.10|39731.00|7233.09|-11.56
2742402|20.40|21.00|21.10|39547.00|7265.84|-11.75
2748210|20.20|20.90|21.10|39396.00|7292.81|-12.19
2754017|20.20|20.80|21.00|39257.00|7317.71|-12.81
2759826|20.00|20.80|21.00|39127.00|7341.06|-13.44
2765635|19.70|20.80|21.00|39030.00|7358.52|-13.81
2771442|19.50|20.80|20.90|38928.00|7376.93|-13.94
2777251|19.60|20.80|20.90|38843.00|7392.29|-13.94
2783060|19.80|20.70|20.90|38748.00|7409.50|-14.00
2788869|19.90|20.70|20.90|38658.00|7425.83|-14.00
2794676|20.10|20.70|20.80|38567.00|7442.37|-14.13
2800484|20.50|20.60|20.80|38481.00|7458.04|-14.31
2806292|20.70|20.60|20.80|38393.00|7474.10|-14.31
2812099|20.80|20.50|20.70|38304.00|7490.37|-14.25
2817907|20.70|20.50|20.70|38216.00|7506.49|-14.25
2823716|20.80|20.40|20.70|38129.00|7522.45|-14.31
2829524|21.00|20.40|20.60|38052.00|7536.60|-14.44
2835333|21.20|20.30|20.60|37953.00|7554.84|-14.31
2841141|21.10|20.30|20.50|37863.00|7571.45|-14.50
2846948|21.10|20.30|20.50|37781.00|7586.61|-14.56
2852758|21.30|20.30|20.50|37693.00|7602.91|-14.88
2858566|21.30|20.20|20.50|37606.00|7619.05|-14.94
2864374|21.30|20.20|20.40|37501.00|7638.57|-14.88
2870182|21.30|20.20|20.40|37394.00|7658.52|-14.88
2875991|21.20|20.10|20.40|37286.00|7678.69|-14.81
2881799|21.00|20.10|20.30|37186.00|7697.41|-14.81
2887607|20.90|20.00|20.30|37075.00|7718.25|-15.06
2893415|20.90|20.00|20.30|36983.00|7735.55|-15.25
2899222|21.00|19.90|20.20|36860.00|7758.74|-15.44
2905030|21.00|19.90|20.20|36757.00|7778.20|-15.75
2910840|21.30|19.90|20.20|36662.00|7796.20|-15.63
2916647|21.40|19.80|20.10|36562.00|7815.18|-15.69
2922456|21.30|19.80|20.10|36467.00|7833.25|-15.81
2928264|21.50|19.80|20.10|36372.00|7851.36|-15.75
2934073|21.50|19.70|20.00|36277.00|7869.51|-15.94
2939882|21.50|19.70|20.00|36184.00|7887.31|-16.25
2945690|21.60|19.70|19.90|36079.00|7907.45|-16.69
2951497|21.60|19.60|19.90|35927.00|7936.70|-16.94
2957306|21.20|19.60|19.90|35783.00|7964.50|-17.44
2963116|21.00|19.50|19.90|35717.00|7977.27|-17.87
2968926|20.80|19.50|19.80|35622.00|7995.69|-17.81
2974734|20.70|19.50|19.80|35530.00|8013.56|-18.00
2980541|20.70|19.50|19.70|35448.00|8029.52|-17.94
2986349|21.00|19.30|19.70|35375.00|8043.76|-17.75
2992158|21.00|19.30|19.70|35286.00|8061.14|-17.81
2997966|21.00|19.30|19.70|35188.00|8080.33|-18.00
3003773|21.20|19.30|19.60|35027.00|8111.95|-18.25
3009583|21.20|19.20|19.60|34869.00|8143.09|-18.25
3015391|21.20|19.20|19.50|34754.00|8165.83|-18.31
3021198|21.10|19.20|19.50|34654.00|8185.65|-18.44
3027007|21.00|19.10|19.50|34567.00|8202.93|-18.62
3032815|21.00|19.10|19.40|34500.00|8216.27|-18.81
3038624|21.20|19.00|19.40|34404.00|8235.41|-18.62
3044433|21.20|19.00|19.40|34306.00|8254.99|-18.94
3050242|21.20|19.00|19.30|34224.00|8271.42|-19.12
3056049|21.30|18.90|19.30|34132.00|8289.88|-19.44
3061857|21.40|18.90|19.30|34046.00|8307.17|-19.69
3067665|21.50|18.80|19.20|33959.00|8324.71|-20.06
3073474|21.70|18.80|19.20|33877.00|8341.26|-20.19
3079283|21.80|18.70|19.20|33780.00|8360.89|-20.31
3085092|21.80|18.70|19.10|33710.00|8375.09|-20.12
3090902|21.70|18.70|19.10|33590.00|8399.47|-20.25
3096711|21.60|18.70|19.10|33499.00|8418.02|-20.44
3102519|21.50|18.60|19.00|33410.00|8436.19|-20.62
3108327|21.70|18.60|19.00|33318.00|8455.02|-20.44
3114134|21.60|18.50|18.90|33216.00|8475.94|-20.50
3119943|21.60|18.50|18.90|33137.00|8492.18|-20.62
3125752|21.70|18.40|18.90|33051.00|8509.89|-20.50
3131560|21.70|18.40|18.80|32975.00|8525.58|-20.69
3137369|21.90|18.30|18.80|32891.00|8542.95|-21.00
3143178|22.00|18.30|18.80|32819.00|8557.87|-21.12
3148992|22.10|18.30|18.70|32737.00|8574.89|-21.37
3154800|22.20|18.20|18.70|32660.00|8590.91|-21.50
3160608|22.00|18.20|18.70|32570.00|8609.67|-21.69
3166417|21.80|18.20|18.60|32488.00|8626.80|-22.00
3172227|21.90|18.10|18.60|32408.00|8643.54|-22.00
3178036|21.80|18.10|18.60|32318.00|8662.42|-22.31
3183845|21.90|18.00|18.50|32230.00|8680.92|-22.62
3189654|21.90|18.00|18.50|32155.00|8696.72|-22.94
3195463|22.10|17.90|18.40|32061.00|8716.56|-23.37
3201276|22.10|17.90|18.40|31971.00|8735.61|-23.56
3207084|22.00|17.90|18.40|31872.00|8756.60|-23.87
3212892|21.90|17.90|18.30|31800.00|8771.91|-24.19
3218700|21.90|17.80|18.30|31706.00|8791.93|-24.44
3224509|21.80|17.80|18.30|31596.00|8815.42|-24.87
3230318|21.80|17.70|18.20|31513.00|8833.19|-25.25
3236127|21.90|17.70|18.20|31423.00|8852.50|-25.50
3241935|21.70|17.70|18.20|31348.00|8868.63|-25.75
3247744|21.80|17.60|18.10|31270.00|8885.43|-25.87
3253552|21.90|17.60|18.10|31195.00|8901.62|-25.81
3259361|21.70|17.50|18.00|31134.00|8914.82|-25.81
3265169|21.80|17.50|18.00|31041.00|8934.97|-25.56
3270977|21.80|17.50|18.00|30970.00|8950.39|-25.56
3276784|21.80|17.40|17.90|30893.00|8967.14|-25.81
3282592|21.90|17.30|17.90|30805.00|8986.33|-26.12
3288400|22.20|17.30|17.80|30746.00|8999.22|-26.19
3294209|22.20|17.30|17.80|30682.00|9013.22|-26.31
3300017|22.10|17.30|17.80|30603.00|9030.54|-26.12
3305825|22.10|17.20|17.70|30536.00|9045.26|-26.37
3311634|22.10|17.20|17.70|30456.00|9062.87|-26.56
3317443|22.10|17.20|17.70|30363.00|9083.38|-26.75
3323251|22.20|17.10|17.60|30298.00|9097.75|-27.06
3329060|22.20|17.00|17.60|30232.00|9112.37|-27.06
3334870|22.30|17.00|17.50|30169.00|9126.34|-27.12
3340679|22.30|16.90|17.50|30086.00|9144.79|-27.19
3346488|22.20|16.90|17.40|30034.00|9156.37|-27.19
3352297|22.00|16.90|17.40|29958.00|9173.32|-27.25
3358105|22.00|16.80|17.40|29891.00|9188.30|-27.31
3363913|22.20|16.80|17.30|29827.00|9202.62|-27.50
3369721|22.30|16.70|17.30|29757.00|9218.33|-27.62
3375531|22.40|16.70|17.20|29691.00|9233.16|-28.00
3381339|22.30|16.70|17.20|29627.00|9247.56|-28.12
3387147|22.30|16.60|17.20|29552.00|9264.48|-28.44
3392955|22.20|16.50|17.10|29478.00|9281.20|-28.56
3398763|22.30|16.50|17.10|29418.00|9294.79|-28.56
3404571|22.30|16.50|17.10|29338.00|9312.93|-28.19
3410379|22.00|16.40|17.00|29272.00|9327.94|-28.12
3416187|22.00|16.30|17.00|29209.00|9342.28|-28.19
3421996|22.00|16.30|16.90|29139.00|9358.25|-28.37
3427805|22.10|16.30|16.90|29076.00|9372.65|-28.50
3433615|22.10|16.30|16.90|28996.00|9390.97|-28.69
3439424|22.20|16.20|16.80|28935.00|9404.97|-28.75
3445233|22.40|16.20|16.80|28872.00|9419.45|-28.87
3451040|22.40|16.10|16.70|28784.00|9439.72|-29.19
3456849|22.50|16.10|16.70|28732.00|9451.72|-29.31
3462659|22.40|16.00|16.60|28660.00|9468.37|-29.25
3468467|22.40|16.00|16.60|28594.00|9483.66|-29.25
3474275|22.30|16.00|16.60|28529.00|9498.74|-29.44
3480083|22.40|15.90|16.50|28461.00|9514.55|-29.62
3485891|22.50|15.80|16.50|28390.00|9531.10|-29.69
3491700|22.40|15.80|16.40|28325.00|9546.27|-30.00
3497508|22.50|15.70|16.40|28256.00|9562.41|-30.06
3503316|22.40|15.70|16.40|28194.00|9576.94|-29.87
3509125|22.40|15.70|16.30|28117.00|9595.01|-29.87
3514933|22.40|15.60|16.30|28052.00|9610.30|-30.12
3520741|22.50|15.60|16.20|27975.00|9628.46|-30.19
3526548|22.50|15.50|16.20|27914.00|9642.87|-30.06
3532357|22.30|15.50|16.20|27846.00|9658.96|-30.25
3538164|22.40|15.40|16.10|27761.00|9679.12|-30.37
3543972|22.40|15.40|16.10|27701.00|9693.38|-30.56
3549782|22.40|15.30|16.00|27627.00|9711.01|-30.75
3555590|22.60|15.30|16.00|27574.00|9723.66|-30.69
3561399|22.50|15.30|15.90|27494.00|9742.78|-30.81
3567208|22.50|15.20|15.90|27410.00|9762.91|-31.00
3573017|22.50|15.20|15.90|27325.00|9783.33|-31.06
3578826|22.60|15.10|15.80|27248.00|9801.88|-31.06
3584634|22.70|15.10|15.80|27171.00|9820.46|-31.19
3590443|22.70|15.10|15.70|27098.00|9838.12|-31.25
3596251|22.60|15.00|15.70|27024.00|9856.06|-31.31
3602059|22.60|15.00|15.60|26954.00|9873.07|-31.44
3607868|22.50|14.90|15.60|26887.00|9889.39|-31.56
3613676|22.50|14.90|15.50|26804.00|9909.64|-31.94
3619484|22.60|14.80|15.50|26722.00|9929.70|-31.81
3625291|22.50|14.80|15.50|26623.00|9953.99|-32.06
3631099|22.50|14.70|15.40|26530.00|9976.87|-32.06
3636909|22.50|14.70|15.40|26450.00|9996.60|-31.75
3642718|22.30|14.60|15.40|26359.00|10019.11|-31.62
3648527|22.30|14.60|15.30|26280.00|10038.70|-31.50
3654336|22.40|14.60|15.30|26200.00|10058.58|-31.69
3660145|22.40|14.60|15.20|26129.00|10076.27|-32.00
3665955|22.30|14.50|15.20|26044.00|10097.50|-32.31
3671764|22.40|14.40|15.10|25972.00|10115.53|-32.56
3677574|22.40|14.30|15.10|25887.00|10136.86|-32.88
3683383|22.40|14.30|15.10|25817.00|10154.47|-33.00
3689192|22.30|14.30|15.00|25740.00|10173.89|-33.00
3695001|22.20|14.20|15.00|25660.00|10194.11|-33.38
3700809|22.30|14.20|14.90|25582.00|10213.88|-33.50
3706617|22.40|14.20|14.90|25485.00|10238.53|-33.94
3712425|22.50|14.20|14.90|25403.00|10259.43|-34.31
3718234|22.30|14.10|14.80|25321.00|10280.38|-34.44
3724044|21.90|14.00|14.80|25253.00|10297.80|-34.69
3729852|21.70|14.00|14.70|25163.00|10320.91|-34.94
3735660|21.70|14.00|14.70|25090.00|10339.70|-35.19
3741468|21.90|13.90|14.70|25028.00|10355.70|-35.50
3747276|21.90|13.90|14.60|24959.00|10373.54|-35.44
3753084|22.00|13.80|14.60|24882.00|10393.50|-35.81
3758892|22.00|13.80|14.50|24804.00|10413.77|-35.94
3764700|21.90|13.80|14.50|24726.00|10434.08|-35.81
3770508|21.90|13.70|14.50|24661.00|10451.06|-35.63
3776316|22.00|13.70|14.40|24586.00|10470.69|-35.44
3782126|22.10|13.70|14.40|24518.00|10488.52|-35.25
3787933|22.20|13.60|14.30|24442.00|10508.51|-35.50
3793741|22.40|13.50|14.30|24349.00|10533.03|-35.81
3799549|22.50|13.50|14.20|24266.00|10554.98|-36.00
3805359|22.50|13.40|14.20|24179.00|10578.05|-36.13
3811168|22.40|13.40|14.20|24094.00|10600.66|-36.25
3816977|22.40|13.30|14.10|24031.00|10617.46|-36.38
3822786|22.40|13.30|14.10|23953.00|10638.31|-36.75
3828594|22.50|13.30|14.00|23877.00|10658.67|-37.00
3834402|22.50|13.20|14.00|23793.00|10681.25|-37.25
3840211|22.50|13.20|14.00|23728.00|10698.76|-37.56
3846020|22.40|13.10|13.90|23630.00|10725.23|-37.88
3851827|22.60|13.10|13.90|23560.00|10744.19|-37.88
3857635|22.50|13.10|13.80|23499.00|10760.75|-37.81
3863444|22.50|13.00|13.80|23417.00|10783.07|-38.06
3869253|22.40|12.90|13.70|23358.00|10799.17|-38.00
3875061|22.30|12.90|13.70|23294.00|10816.67|-37.94
3880868|22.40|12.80|13.70|23215.00|10838.33|-37.88
3886678|22.40|12.80|13.60|23148.00|10856.74|-37.81
3892488|22.40|12.80|13.60|23074.00|10877.13|-37.69
3898297|22.40|12.80|13.50|23006.00|10895.91|-37.50
3904105|22.50|12.70|13.50|22942.00|10913.62|-37.75
3909913|22.70|12.70|13.50|22882.00|10930.27|-37.63
3915721|22.80|12.60|13.40|22809.00|10950.57|-37.56
3921529|22.70|12.60|13.40|22742.00|10969.25|-37.69
3927337|22.70|12.50|13.30|22677.00|10987.41|-37.75
3933146|22.70|12.50|13.30|22610.00|11006.18|-38.00
3938954|22.70|12.40|13.30|22548.00|11023.58|-38.25
3944762|22.60|12.40|13.20|22494.00|11038.77|-38.56
3950572|22.50|12.30|13.20|22425.00|11058.23|-38.56
3956381|22.40|12.30|13.10|22360.00|11076.60|-38.75
3962189|22.30|12.30|13.10|22307.00|11091.61|-39.06
3967997|22.30|12.20|13.00|22241.00|11110.34|-39.06
3973807|22.30|12.20|13.00|22183.00|11126.85|-39.06
3979615|22.20|12.20|12.90|22130.00|11141.95|-38.94
3985423|22.20|12.10|12.90|22074.00|11157.95|-39.13
3991231|22.30|12.00|12.90|22012.00|11175.70|-39.19
3997039|22.40|12.00|12.80|21939.00|11196.64|-39.19
4002847|22.30|12.00|12.80|21878.00|11214.19|-38.94
4008656|22.40|11.90|12.70|21827.00|11228.89|-38.75
4014465|22.50|11.90|12.70|21766.00|11246.52|-38.56
4020273|22.60|11.80|12.70|21702.00|11265.05|-38.50
4026081|22.60|11.80|12.60|21642.00|11282.46|-38.63
4031889|22.60|11.80|12.60|21573.00|11302.53|-38.69
4037697|22.50|11.80|12.50|21522.00|11317.40|-39.00
4043504|22.40|11.70|12.50|21464.00|11334.35|-39.00
4049312|22.40|11.60|12.40|21405.00|11351.62|-39.44
4055120|22.50|11.60|12.40|21352.00|11367.18|-39.75
4060930|22.50|11.50|12.30|21287.00|11386.29|-39.69
4066739|22.50|11.50|12.30|21224.00|11404.87|-39.56
4072547|22.50|11.40|12.30|21167.00|11421.71|-39.31
4078356|22.50|11.40|12.20|21120.00|11435.62|-39.50
4084165|22.40|11.40|12.20|21058.00|11454.02|-39.56
4089974|22.50|11.30|12.10|21003.00|11470.37|-39.50
4095782|22.50|11.30|12.10|20950.00|11486.17|-39.50
4101591|22.60|11.20|12.10|20900.00|11501.10|-39.50
4107398|22.60|11.20|12.00|20844.00|11517.85|-39.31
4113206|22.70|11.10|12.00|20788.00|11534.64|-39.38
4119014|22.70|11.10|11.90|20735.00|11550.57|-39.44
4124828|22.70|11.10|11.90|20677.00|11568.03|-39.31
4130637|22.70|11.00|11.90|20613.00|11587.35|-39.00
4136445|22.80|10.90|11.80|20556.00|11604.60|-38.88
4142254|22.80|10.90|11.80|20490.00|11624.62|-39.19
4148061|22.90|10.90|11.70|20449.00|11637.08|-39.25
4153869|22.90|10.80|11.70|20393.00|11654.13|-39.19
4159678|22.90|10.80|11.60|20344.00|11669.08|-39.25
4165487|23.10|10.80|11.60|20291.00|11685.29|-39.31
4171296|23.10|10.70|11.60|20231.00|11703.68|-39.50
4177104|23.10|10.70|11.50|20161.00|11725.19|-39.25
4182915|23.10|10.70|11.50|20101.00|11743.67|-39.38
4188724|23.00|10.60|11.50|20037.00|11763.44|-39.38
4194532|23.10|10.50|11.40|19980.00|11781.09|-39.25
4200350|23.10|10.50|11.40|19923.00|11798.77|-39.19
4206159|23.00|10.50|11.30|19861.00|11818.06|-39.06
4211969|23.00|10.40|11.30|19805.00|11835.52|-38.75
4217777|23.10|10.40|11.20|19750.00|11852.71|-38.63
4223586|23.20|10.30|11.20|19687.00|11872.45|-38.63
4229395|23.30|10.30|11.20|19645.00|11885.63|-38.75
4235205|23.30|10.30|11.10|19589.00|11903.25|-38.69
4241014|23.20|10.20|11.10|19526.00|11923.12|-38.69
4246823|23.10|10.20|11.00|19468.00|11941.46|-38.63
4252633|23.10|10.10|11.00|19418.00|11957.30|-38.38
4258442|23.10|10.10|11.00|19368.00|11973.18|-38.19
4264251|23.10|10.00|10.90|19302.00|11994.19|-38.06
4270060|23.10|10.00|10.90|19247.00|12011.74|-37.94
4275869|23.20|10.00|10.80|19191.00|12029.65|-37.94
4281678|23.20|9.90|10.80|19139.00|12046.32|-37.50
4287486|23.20|9.90|10.80|19092.00|12061.42|-37.25
4293296|23.20|9.80|10.70|19022.00|12083.96|-37.50
4299104|23.30|9.80|10.70|18976.00|12098.82|-37.63
4304911|23.40|9.80|10.70|18924.00|12115.64|-37.56
4310719|23.40|9.70|10.60|18870.00|12133.15|-37.13
4316528|23.50|9.70|10.60|18818.00|12150.05|-36.81
4322337|23.40|9.70|10.60|18769.00|12166.01|-36.56
4328146|23.50|9.60|10.50|18708.00|12185.93|-36.25
4333955|23.50|9.60|10.50|18655.00|12203.27|-36.25
4339763|23.40|9.60|10.40|18604.00|12220.00|-36.25
4345571|23.40|9.50|10.40|18534.00|12243.02|-36.31
4351380|23.40|9.50|10.40|18485.00|12259.18|-36.06
4357188|23.40|9.40|10.30|18438.00|12274.72|-36.00
4362996|23.50|9.40|10.30|18389.00|12290.94|-35.75
4368804|23.50|9.30|10.30|18345.00|12305.54|-35.63
4374611|23.50|9.30|10.20|18293.00|12322.83|-35.31
4380420|23.60|9.30|10.20|18249.00|12337.50|-35.44
4386229|23.60|9.30|10.20|18200.00|12353.86|-35.19
4392038|23.60|9.30|10.10|18156.00|12368.58|-35.06
4397847|23.60|9.20|10.10|18112.00|12383.33|-35.19
4403656|23.70|9.10|10.10|18075.00|12395.76|-35.19
4409466|23.70|9.10|10.00|18022.00|12413.60|-35.19
4415276|23.90|9.10|10.00|17987.00|12425.40|-35.31
4421085|23.90|9.00|10.00|17941.00|12440.94|-35.25
4426894|23.90|9.00|9.90|17897.00|12455.83|-35.13
4432702|23.90|9.00|9.90|17851.00|12471.44|-35.06
4438510|23.90|9.00|9.90|17810.00|12485.38|-35.00
4444317|24.00|8.90|9.80|17769.00|12499.33|-35.00
4450126|24.00|8.80|9.80|17731.00|12512.30|-34.81
4455936|24.00|8.80|9.80|17691.00|12525.97|-35.06
4461743|24.00|8.80|9.70|17653.00|12538.98|-35.19
4467552|24.00|8.80|9.70|17604.00|12555.79|-34.94
4473362|23.90|8.70|9.70|17567.00|12568.51|-34.88
4479171|23.90|8.70|9.60|17521.00|12584.34|-35.13
4484980|23.90|8.70|9.60|17476.00|12599.87|-35.13
4490789|23.90|8.60|9.60|17432.00|12615.09|-35.19
4496598|23.90|8.60|9.50|17380.00|12633.11|-35.38
4502406|23.90|8.60|9.50|17337.00|12648.05|-35.25
4508214|23.80|8.50|9.50|17299.00|12661.27|-35.50
4514021|23.90|8.50|9.40|17253.00|12677.31|-35.63
4519830|23.90|8.50|9.40|17210.00|12692.34|-35.44
4525639|23.90|8.40|9.40|17166.00|12707.75|-35.56
4531449|23.90|8.40|9.30|17116.00|12725.29|-35.38
4537259|24.00|8.40|9.30|17082.00|12737.24|-35.31
4543067|24.00|8.30|9.30|17026.00|12756.98|-35.44
4548874|24.00|8.30|9.30|16977.00|12774.29|-35.31
4554683|23.90|8.30|9.20|16942.00|12786.67|-35.31
4560492|23.90|8.30|9.20|16877.00|12809.74|-35.50
4566300|23.90|8.20|9.20|16828.00|12827.17|-35.38
4572107|23.80|8.20|9.10|16783.00|12843.21|-35.00
4577916|23.80|8.20|9.10|16742.00|12857.87|-34.81
4583726|23.80|8.10|9.10|16679.00|12880.43|-34.94
4589535|23.80|8.10|9.00|16641.00|12894.08|-34.94
4595344|23.90|8.00|9.00|16589.00|12912.79|-34.88
4601153|23.90|8.00|9.00|16537.00|12931.55|-35.00
4606961|24.00|8.00|9.00|16488.00|12949.28|-35.00
4612769|23.90|8.00|8.90|16445.00|12964.86|-34.88
4618577|24.00|8.00|8.90|16397.00|12982.31|-34.56
4624386|24.00|7.90|8.90|16354.00|12997.96|-34.63
4630194|24.00|7.90|8.80|16298.00|13018.40|-34.75
4636002|24.00|7.90|8.80|16247.00|13037.07|-34.50
4641810|24.10|7.90|8.80|16198.00|13055.05|-34.50
4647619|24.00|7.80|8.70|16158.00|13069.76|-34.31
4653427|24.10|7.80|8.70|16106.00|13088.93|-34.25
4659234|24.00|7.80|8.70|16054.00|13108.14|-34.50
4665043|24.10|7.70|8.70|16011.00|13124.07|-34.69
4670853|24.10|7.70|8.60|15959.00|13143.38|-34.50
4676662|24.20|7.70|8.60|15911.00|13161.25|-34.06
4682470|24.20|7.70|8.60|15871.00|13176.17|-34.06
4688278|24.30|7.60|8.60|15822.00|13194.50|-34.06
4694086|24.20|7.60|8.50|15778.00|13210.99|-34.25
4699894|24.20|7.60|8.50|15732.00|13228.27|-34.19
4705701|24.30|7.50|8.50|15690.00|13244.09|-33.94
4711512|24.20|7.50|8.40|15635.00|13264.85|-33.94
4717320|24.20|7.50|8.40|15586.00|13283.40|-33.88
4723128|24.10|7.40|8.40|15535.00|13302.75|-33.63
4728936|24.10|7.50|8.40|15492.00|13319.11|-33.44
4734744|24.10|7.40|8.30|15452.00|13334.36|-33.38
4740552|24.00|7.40|8.30|15383.00|13360.74|-33.25
4746360|24.00|7.30|8.20|15351.00|13373.01|-33.19
4752168|23.90|7.30|8.20|15305.00|13390.68|-33.19
4757977|23.90|7.30|8.20|15257.00|13409.17|-33.13
4763785|23.90|7.30|8.20|15215.00|13425.38|-33.13
4769594|24.00|7.20|8.20|15163.00|13445.51|-33.25
4775401|24.00|7.20|8.10|15130.00|13458.31|-33.44
4781209|23.90|7.20|8.10|15079.00|13478.13|-33.44
4787018|23.80|7.20|8.10|15033.00|13496.06|-33.50
4792827|23.90|7.20|8.00|14996.00|13510.52|-33.75
4798636|23.90|7.10|8.00|14952.00|13527.74|-33.81
4804444|24.00|7.10|8.00|14918.00|13541.08|-33.50
4810252|24.10|7.10|8.00|14877.00|13557.20|-33.44
4816059|24.10|7.00|7.90|14841.00|13571.38|-33.38
4821868|24.10|7.00|7.90|14790.00|13591.52|-33.38
4827677|24.10|7.00|7.90|14761.00|13603.00|-33.31
4833486|24.10|7.00|7.90|14712.00|13622.43|-33.19
4839296|24.10|6.90|7.80|14669.00|13639.53|-33.06
4845104|24.10|6.90|7.80|14626.00|13656.67|-33.00
4850912|24.20|6.90|7.80|14592.00|13670.25|-33.19
4856719|24.20|6.90|7.80|14543.00|13689.86|-33.25
4862528|24.20|6.80|7.70|14512.00|13702.30|-33.44
4868337|24.30|6.80|7.70|14460.00|13723.21|-33.56
4874145|24.30|6.80|7.70|14417.00|13740.55|-33.63
4879953|24.40|6.80|7.70|14377.00|13756.72|-33.63
4885763|24.40|6.80|7.60|14332.00|13774.95|-33.69
4891570|24.40|6.80|7.60|14280.00|13796.07|-33.94
4897379|24.30|6.70|7.60|14237.00|13813.59|-33.88
4903188|24.30|6.70|7.50|14191.00|13832.37|-34.13
4908996|24.30|6.70|7.50|14152.00|13848.34|-34.31
4914804|24.30|6.70|7.50|14109.00|13865.98|-34.50
4920612|24.30|6.70|7.50|14065.00|13884.08|-34.69
4926419|24.30|6.60|7.40|14020.00|13902.64|-34.81
4932229|24.30|6.60|7.50|13973.00|13922.07|-34.69
4938038|24.20|6.60|7.40|13923.00|13942.80|-34.88
4943846|24.30|6.50|7.40|13881.00|13960.27|-35.00
4949655|24.30|6.50|7.40|13835.00|13979.44|-35.19
4955462|24.30|6.50|7.30|13801.00|13993.65|-35.25
4961271|24.30|6.50|7.30|13752.00|14014.17|-35.63
4967080|24.30|6.50|7.30|13709.00|14032.23|-35.63
4972889|24.30|6.40|7.30|13672.00|14047.81|-35.31
4978697|24.30|6.40|7.20|13622.00|14068.91|-34.94
4984504|24.30|6.40|7.20|13581.00|14086.26|-35.13
4990313|24.30|6.40|7.20|13536.00|14105.35|-35.06
4996122|24.30|6.30|7.20|13499.00|14121.09|-35.13
5001930|24.30|6.30|7.10|13453.00|14140.70|-35.06
5007740|24.40|6.30|7.10|13407.00|14160.37|-34.69
5013550|24.40|6.20|7.10|13367.00|14177.52|-34.75
5019358|24.40|6.30|7.10|13319.00|14198.15|-35.00
5025166|24.40|6.20|7.00|13271.00|14218.84|-34.81
5030974|24.40|6.20|7.00|13237.00|14233.53|-34.75
5036781|24.40|6.20|7.00|13200.00|14249.56|-34.94
5042589|24.40|6.20|7.00|13148.00|14272.14|-35.06
5048398|24.50|6.20|6.90|13109.00|14289.13|-35.13
5054208|24.40|6.10|6.90|13071.00|14305.71|-35.13
5060017|24.40|6.10|6.90|13029.00|14324.09|-35.44
5065830|24.40|6.10|6.90|12987.00|14342.52|-35.63
5071638|24.40|6.00|6.90|12947.00|14360.12|-35.69
5077447|24.50|6.00|6.80|12909.00|14376.87|-35.56
5083255|24.50|6.00|6.80|12878.00|14390.57|-35.19
5089062|24.60|6.00|6.80|12846.00|14404.74|-34.88
5094872|24.60|6.00|6.80|12807.00|14422.05|-34.88
5100680|24.60|5.90|6.70|12764.00|14441.18|-34.81
5106488|24.60|5.90|6.70|12724.00|14459.03|-34.94
5112295|24.60|5.90|6.70|12692.00|14473.33|-34.94
5118104|24.50|5.90|6.70|12650.00|14492.16|-35.00
5123914|24.40|5.80|6.60|12619.00|14506.09|-34.94
5129723|24.50|5.80|6.60|12584.00|14521.84|-34.94
5135532|24.50|5.80|6.60|12547.00|14538.54|-35.06
5141340|24.50|5.80|6.60|12507.00|14556.63|-35.38
5147148|24.50|5.70|6.50|12468.00|14574.32|-35.50
5152955|24.60|5.70|6.50|12437.00|14588.41|-35.75
5158763|24.60|5.70|6.50|12405.00|14602.98|-35.88
5164572|24.60|5.70|6.50|12356.00|14625.36|-36.00
5170381|24.60|5.70|6.50|12322.00|14640.93|-36.00
5176189|24.60|5.70|6.40|12288.00|14656.54|-36.00
5181998|24.70|5.60|6.40|12257.00|14670.80|-36.00
5187805|24.70|5.60|6.40|12220.00|14687.85|-35.88
5193613|24.70|5.60|6.40|12196.00|14698.93|-35.94
5199420|24.70|5.60|6.30|12153.00|14718.84|-35.75
5205229|24.80|5.60|6.30|12126.00|14731.37|-35.88
5211037|24.80|5.50|6.30|12077.00|14754.16|-35.88
5216845|24.90|5.50|6.30|12054.00|14764.89|-36.00
5222652|24.90|5.50|6.20|12020.00|14780.77|-36.00
5228461|24.90|5.40|6.20|11984.00|14797.63|-36.13
5234269|24.90|5.40|6.20|11950.00|14813.59|-36.13
5240078|24.80|5.40|6.20|11907.00|14833.83|-36.19
5245888|24.80|5.40|6.20|11875.00|14848.93|-36.19
5251696|24.90|5.40|6.10|11835.00|14867.85|-36.25
5257504|24.90|5.30|6.10|11802.00|14883.50|-36.38
5263311|24.80|5.30|6.10|11773.00|14897.28|-36.50
5269120|24.90|5.30|6.10|11739.00|14913.47|-36.56
5274929|24.80|5.30|6.00|11702.00|14931.14|-36.25
5280737|24.80|5.30|6.00|11670.00|14946.45|-36.06
5286545|24.90|5.30|6.00|11634.00|14963.71|-35.81
5292352|25.00|5.30|6.00|11595.00|14982.47|-35.75
5298168|25.00|5.20|6.00|11563.00|14997.90|-35.56
5303979|25.00|5.20|5.90|11528.00|15014.81|-35.75
5309788|25.00|5.20|5.90|11487.00|15034.68|-35.88
5315596|25.00|5.20|5.90|11453.00|15051.20|-35.81
5321404|25.00|5.20|5.90|11421.00|15066.78|-35.75
5327212|25.00|5.10|5.80|11392.00|15080.93|-35.81
5333020|25.00|5.10|5.80|11352.00|15100.50|-35.88
5338827|25.00|5.00|5.80|11324.00|15114.23|-35.69
5344636|25.00|5.00|5.80|11287.00|15132.42|-35.44
5350446|25.00|5.00|5.70|11239.00|15156.09|-35.56
5356254|25.00|5.00|5.70|11208.00|15171.41|-35.56
5362063|25.00|5.00|5.70|11176.00|15187.27|-35.31
5367871|25.00|5.00|5.70|11139.00|15205.65|-35.00
5373678|25.00|4.90|5.70|11103.00|15223.58|-35.00
5379487|25.00|4.90|5.70|11075.00|15237.57|-34.94
5385296|25.00|4.90|5.60|11043.00|15253.58|-35.19
5391105|24.90|4.90|5.60|11007.00|15271.64|-35.19
5396913|24.90|4.80|5.60|10976.00|15287.23|-35.00
5402720|24.90|4.80|5.60|10931.00|15309.92|-35.00
5408529|25.00|4.80|5.50|10893.00|15329.14|-35.00
5414338|25.00|4.80|5.50|10871.00|15340.30|-35.00
5420148|25.00|4.80|5.50|10834.00|15359.10|-35.06
5425956|25.00|4.80|5.50|10797.00|15377.95|-35.06
5431764|25.10|4.70|5.50|10769.00|15392.25|-35.25
5437572|25.10|4.70|5.50|10735.00|15409.65|-35.38
5443380|25.10|4.70|5.40|10692.00|15431.73|-35.38
5449188|25.10|4.70|5.40|10668.00|15444.08|-35.44
5454996|25.20|4.70|5.40|10639.00|15459.04|-35.50
5460805|25.20|4.70|5.40|10596.00|15481.28|-35.69
5466614|25.20|4.70|5.30|10568.00|15495.80|-35.63
5472423|25.20|4.60|5.30|10531.00|15515.04|-35.63
5478232|25.20|4.60|5.30|10498.00|15532.24|-35.38
5484042|25.20|4.60|5.30|10472.00|15545.82|-35.38
5489850|25.20|4.50|5.20|10438.00|15563.63|-35.50
5495658|25.20|4.50|5.20|10409.00|15578.85|-35.69
5501466|25.20|4.50|5.20|10386.00|15590.95|-35.50
5507273|25.20|4.50|5.20|10341.00|15614.68|-35.25
5513082|25.20|4.50|5.20|10316.00|15627.90|-35.13
5518892|25.20|4.50|5.20|10276.00|15649.11|-35.00
5524701|25.20|4.50|5.10|10251.00|15662.40|-34.81
5530509|25.10|4.40|5.10|10208.00|15685.32|-34.75
5536317|25.10|4.40|5.10|10189.00|15695.47|-34.56
5542126|25.00|4.40|5.10|10155.00|15713.68|-34.25
5547934|25.10|4.30|5.00|10121.00|15731.93|-34.31
5553742|25.10|4.30|5.00|10087.00|15750.24|-34.13
5559549|25.00|4.30|5.00|10055.00|15767.51|-34.19
5565358|25.10|4.30|5.00|10021.00|15785.91|-34.25
5571167|25.20|4.30|5.00|9997.00|15798.93|-34.25
5576976|25.20|4.30|5.00|9968.00|15814.70|-34.38
5582784|25.20|4.30|4.90|9931.00|15834.87|-34.38
5588592|25.30|4.20|4.90|9898.00|15852.91|-34.38
5594399|25.30|4.20|4.90|9863.00|15872.09|-34.75
5600208|25.30|4.20|4.90|9844.00|15882.53|-34.69
5606018|25.30|4.20|4.80|9801.00|15906.22|-34.56
5611827|25.20|4.20|4.80|9779.00|15918.37|-34.56
5617635|25.20|4.20|4.80|9747.00|15936.08|-34.25
5623443|25.30|4.10|4.80|9708.00|15957.73|-34.00
5629251|25.30|4.10|4.80|9672.00|15977.78|-33.75
5635060|25.30|4.10|4.80|9655.00|15987.27|-33.56
5640868|25.30|4.10|4.80|9627.00|16002.93|-33.38
5646676|25.30|4.00|4.70|9590.00|16023.67|-33.31
5652484|25.30|4.00|4.70|9553.00|16044.48|-33.31
5658293|25.30|4.00|4.70|9528.00|16058.58|-33.44
5664103|25.30|4.00|4.70|9500.00|16074.41|-33.31
5669911|25.30|3.90|4.60|9466.00|16093.68|-33.44
5675718|25.40|4.00|4.60|9437.00|16110.16|-33.81
5681527|25.40|3.90|4.60|9406.00|16127.82|-33.81
5687336|25.40|4.00|4.60|9381.00|16142.10|-33.63
5693145|25.30|3.90|4.60|9351.00|16159.27|-33.88
5698952|25.30|3.90|4.60|9319.00|16177.64|-33.94
5704761|25.30|3.90|4.50|9282.00|16198.94|-33.75
5710570|25.20|3.90|4.50|9257.00|16213.38|-34.06
5716378|25.30|3.80|4.50|9220.00|16234.79|-34.56
5722187|25.30|3.80|4.50|9190.00|16252.21|-34.56
5727994|25.30|3.80|4.50|9167.00|16265.59|-34.63
5733804|25.30|3.80|4.40|9136.00|16283.67|-34.69
5739613|25.30|3.80|4.40|9099.00|16305.32|-34.38
5745421|25.30|3.80|4.40|9065.00|16325.28|-34.13
5751229|25.30|3.80|4.40|9029.00|16346.47|-34.00
5757037|25.30|3.80|4.40|9007.00|16359.46|-33.88
5762846|25.30|3.70|4.40|8987.00|16371.29|-34.00
5768654|25.30|3.80|4.30|8953.00|16391.44|-33.81
5774461|25.30|3.70|4.30|8919.00|16411.66|-33.69
5780271|25.40|3.70|4.30|8894.00|16426.57|-33.69
5786081|25.40|3.70|4.30|8860.00|16446.90|-33.56
5791890|25.30|3.70|4.30|8843.00|16457.08|-33.56
5797698|25.40|3.60|4.20|8803.00|16481.12|-33.56
5803506|25.40|3.60|4.20|8784.00|16492.56|-33.31
5809315|25.40|3.60|4.20|8755.00|16510.07|-33.50
5815123|25.40|3.60|4.20|8731.00|16524.60|-33.50
5820931|25.40|3.60|4.20|8702.00|16542.19|-33.38
5826740|25.40|3.60|4.20|8671.00|16561.06|-33.31
5832548|25.40|3.60|4.10|8637.00|16581.81|-33.25
5838355|25.40|3.50|4.10|8615.00|16595.27|-33.06
5844164|25.40|3.50|4.10|8589.00|16611.21|-32.94
5849973|25.40|3.50|4.10|8562.00|16627.81|-32.88
5855781|25.40|3.50|4.10|8547.00|16637.05|-32.75
5861590|25.40|3.50|4.10|8511.00|16659.29|-32.50
5867398|25.40|3.40|4.00|8488.00|16673.53|-32.69
5873206|25.50|3.40|4.00|8454.00|16694.64|-32.88
5879014|25.50|3.40|4.00|8443.00|16701.49|-32.94
5884822|25.50|3.40|4.00|8401.00|16727.69|-33.06
5890631|25.50|3.40|4.00|8381.00|16740.21|-32.69
5896438|25.60|3.30|4.00|8361.00|16752.75|-32.69
5902247|25.60|3.30|3.90|8325.00|16775.37|-32.69
5908057|25.60|3.30|3.90|8305.00|16787.98|-32.63
5913865|25.60|3.30|3.90|8277.00|16805.68|-32.63
5919672|25.60|3.30|3.90|8249.00|16823.42|-32.56
5925481|25.60|3.30|3.90|8229.00|16836.12|-32.44
5931289|25.60|3.30|3.90|8198.00|16855.85|-32.63
5937098|25.60|3.30|3.90|8176.00|16869.90|-32.44
5942906|25.60|3.30|3.80|8142.00|16891.66|-32.56
5948713|25.60|3.20|3.80|8122.00|16904.50|-32.81
5954523|25.60|3.20|3.80|8099.00|16919.29|-32.50
5960331|25.60|3.20|3.80|8072.00|16936.70|-32.75
5966141|25.70|3.20|3.80|8049.00|16951.57|-32.75
5971949|25.70|3.20|3.70|8018.00|16971.67|-32.94
5977758|25.70|3.20|3.70|7990.00|16989.87|-33.06
5983566|25.70|3.20|3.70|7959.00|17010.08|-33.31
5989374|25.70|3.20|3.70|7943.00|17020.54|-33.38
5995183|25.70|3.20|3.70|7912.00|17040.85|-33.75
6000991|25.60|3.10|3.70|7892.00|17053.99|-34.19
6006799|25.60|3.10|3.70|7856.00|17077.71|-34.13
6012607|25.50|3.10|3.60|7836.00|17090.92|-34.38
6018415|25.50|3.00|3.60|7810.00|17108.15|-34.13
6024227|25.50|3.00|3.60|7780.00|17128.07|-34.25
6030036|25.50|3.00|3.60|7758.00|17142.73|-34.13
6035845|25.50|3.00|3.60|7735.00|17158.08|-34.13
6041653|25.50|3.00|3.60|7704.00|17178.83|-33.94
6047460|25.50|3.00|3.50|7684.00|17192.26|-33.81
6053268|25.50|3.00|3.50|7653.00|17213.12|-33.94
6059077|25.50|3.00|3.50|7640.00|17221.89|-33.88
6064885|25.50|2.90|3.50|7614.00|17239.47|-33.81
6070693|25.50|2.90|3.50|7580.00|17262.53|-33.69
6076500|25.50|2.90|3.50|7561.00|17275.45|-33.81
6082310|25.50|2.90|3.50|7533.00|17294.54|-33.69
6088120|25.50|2.90|3.40|7507.00|17312.32|-33.69
6093928|25.50|2.90|3.40|7482.00|17329.47|-33.56
6099735|25.60|2.90|3.40|7455.00|17348.03|-33.81
6105544|25.50|2.80|3.40|7435.00|17361.82|-33.81
6111352|25.50|2.80|3.40|7421.00|17371.49|-33.81
6117160|25.50|2.80|3.40|7384.00|17397.11|-33.75
6122968|25.50|2.80|3.40|7362.00|17412.40|-33.94
6128777|25.60|2.80|3.30|7342.00|17426.33|-33.88
6134584|25.60|2.80|3.30|7322.00|17440.29|-33.56
6140393|25.60|2.70|3.30|7306.00|17451.48|-33.44
6146202|25.70|2.70|3.30|7266.00|17479.54|-33.31
6152009|25.70|2.70|3.30|7255.00|17487.28|-33.13
6157818|25.70|2.70|3.30|7235.00|17501.38|-33.19
6163625|25.70|2.70|3.20|7207.00|17521.16|-33.13
6169435|25.60|2.70|3.20|7179.00|17541.01|-33.13
6175242|25.70|2.70|3.20|7160.00|17554.51|-33.31
6181051|25.70|2.70|3.20|7126.00|17578.75|-33.25
6186859|25.70|2.70|3.20|7112.00|17588.76|-32.81
6192667|25.70|2.70|3.20|7092.00|17603.09|-32.88
6198476|25.70|2.60|3.20|7070.00|17618.88|-33.00
6204284|25.70|2.60|3.20|7042.00|17639.04|-32.94
6210095|25.70|2.60|3.10|7019.00|17655.65|-33.13
6215902|25.70|2.60|3.10|7001.00|17668.68|-33.19
6221711|25.70|2.60|3.10|6978.00|17685.37|-33.06
6227518|25.70|2.60|3.10|6955.00|17702.10|-32.75
6233327|25.80|2.60|3.10|6941.00|17712.30|-32.75
6239134|25.80|2.50|3.10|6904.00|17739.36|-32.94
6244943|25.80|2.50|3.10|6890.00|17749.63|-32.88
6250750|25.80|2.50|3.00|6866.00|17767.27|-32.81
6256560|25.80|2.50|3.00|6840.00|17786.44|-32.75
6262367|25.80|2.50|3.00|6821.00|17800.48|-32.44
6268177|25.80|2.50|3.00|6798.00|17817.52|-32.06
6273984|25.80|2.50|3.00|6773.00|17836.10|-31.81
6279793|25.80|2.50|3.00|6748.00|17854.74|-32.06
6285600|25.80|2.40|2.90|6722.00|17874.18|-32.31
6291409|25.90|2.50|2.90|6698.00|17892.18|-32.56
6297217|25.90|2.40|2.90|6681.00|17904.96|-33.00
6303026|25.90|2.40|2.90|6656.00|17923.80|-33.38
6308833|25.90|2.40|2.90|6644.00|17932.86|-33.44
6314642|26.00|2.30|2.90|6608.00|17960.14|-33.38
6320449|26.00|2.30|2.90|6597.00|17968.50|-33.50
6326258|26.00|2.30|2.80|6579.00|17982.20|-33.44
6332068|26.00|2.30|2.80|6549.00|18005.10|-33.44
6337875|26.00|2.30|2.80|6527.00|18021.95|-33.31
6343685|26.00|2.30|2.80|6507.00|18037.31|-33.13
6349492|26.00|2.20|2.80|6482.00|18056.56|-32.94
6355308|26.00|2.30|2.80|6459.00|18074.32|-33.13
6361117|26.00|2.20|2.70|6434.00|18093.69|-33.00
6366926|26.00|2.20|2.70|6423.00|18102.23|-32.69
6372733|26.00|2.20|2.70|6401.00|18119.34|-32.38
6378543|26.00|2.20|2.70|6379.00|18136.51|-32.31
6384351|26.00|2.20|2.70|6353.00|18156.85|-32.38
6390160|26.10|2.20|2.70|6345.00|18163.13|-32.25
6395968|26.10|2.20|2.70|6319.00|18183.56|-31.94
6401777|26.10|2.20|2.70|6297.00|18200.91|-31.62
6407585|26.10|2.20|2.70|6283.00|18211.97|-31.44
6413393|26.10|2.20|2.60|6251.00|18237.33|-31.25
6419202|26.20|2.20|2.60|6236.00|18249.26|-31.12
6425010|26.20|2.20|2.60|6211.00|18269.18|-30.69
6430818|26.20|2.20|2.60|6202.00|18276.37|-30.69
6436627|26.20|2.10|2.60|6177.00|18296.39|-31.00
6442434|26.20|2.10|2.60|6160.00|18310.03|-30.94
6448243|26.20|2.10|2.60|6141.00|18325.33|-30.56
6454053|26.20|2.10|2.60|6132.00|18332.58|-30.56
6459862|26.20|2.10|2.50|6109.00|18351.16|-30.50
6465670|26.20|2.10|2.50|6080.00|18374.67|-30.37
6471479|26.20|2.10|2.50|6069.00|18383.61|-30.06
6477287|26.20|2.10|2.50|6043.00|18404.80|-30.19
6483095|26.20|2.00|2.50|6021.00|18422.78|-30.12
6488904|26.30|2.00|2.50|6015.00|18427.70|-30.12
6494711|26.30|2.00|2.50|5990.00|18448.22|-30.19
6500520|26.30|2.00|2.50|5962.00|18471.28|-30.50
6506329|26.30|2.00|2.50|5945.00|18485.33|-30.25
6512138|26.30|2.00|2.40|5918.00|18507.70|-30.25
6517946|26.30|2.00|2.40|5909.00|18515.17|-30.62
6523754|26.30|2.00|2.40|5887.00|18533.49|-30.69
6529561|26.30|2.00|2.40|5873.00|18545.18|-30.37
6535370|26.30|2.00|2.40|5837.00|18575.32|-30.00
6541178|26.30|1.90|2.40|5825.00|18585.41|-30.06
6546985|26.30|1.90|2.40|5806.00|18601.41|-30.00
6552795|26.30|2.00|2.40|5784.00|18619.98|-29.75
6558603|26.30|2.00|2.40|5759.00|18641.16|-30.06
6564410|26.30|1.90|2.40|5748.00|18650.51|-30.44
6570219|26.30|1.90|2.40|5720.00|18674.35|-30.81
6576028|26.30|1.90|2.40|5700.00|18691.45|-30.81
6581836|26.30|1.90|2.40|5692.00|18698.30|-30.87
6587643|26.30|1.90|2.30|5672.00|18715.46|-30.81
6593453|26.30|1.90|2.30|5647.00|18736.97|-30.69
6599262|26.30|1.90|2.30|5628.00|18753.38|-30.56
6605070|26.30|1.90|2.30|5620.00|18760.31|-30.31
6610878|26.30|1.80|2.30|5597.00|18780.25|-30.06
6616687|26.30|1.80|2.30|5583.00|18792.42|-29.87
6622494|26.30|1.80|2.30|5567.00|18806.36|-29.44
6628303|26.30|1.80|2.30|5544.00|18826.46|-29.31
6634114|26.30|1.80|2.30|5527.00|18841.36|-29.50
6639923|26.40|1.80|2.20|5499.00|18865.98|-29.69
6645731|26.40|1.80|2.20|5496.00|18868.62|-30.00
6651539|26.40|1.80|2.20|5472.00|18889.81|-30.00
6657348|26.30|1.80|2.20|5466.00|18895.12|-29.56
6663157|26.30|1.80|2.20|5450.00|18909.31|-29.75
6668965|26.40|1.80|2.20|5433.00|18924.41|-29.87
6674772|26.40|1.80|2.20|5408.00|18946.70|-29.50
6680582|26.40|1.80|2.20|5385.00|18967.27|-29.44
6686391|26.40|1.80|2.20|5374.00|18977.14|-29.25
6692201|26.40|1.70|2.20|5357.00|18992.42|-29.06
6698008|26.40|1.80|2.20|5349.00|18999.62|-28.81
6703817|26.40|1.80|2.20|5327.00|19019.48|-28.81
6709624|26.40|1.70|2.20|5316.00|19029.43|-28.50
6715433|26.40|1.70|2.20|5297.00|19046.66|-28.25
6721242|26.40|1.70|2.20|5280.00|19062.12|-28.37
6727050|26.40|1.80|2.20|5258.00|19082.18|-28.06
6732858|26.40|1.70|2.10|5249.00|19090.41|-27.87
6738666|26.50|1.70|2.10|5224.00|19113.33|-27.69
6744475|26.40|1.70|2.10|5207.00|19128.97|-27.62
6750282|26.40|1.70|2.10|5196.00|19139.10|-27.37
6756092|26.50|1.70|2.10|5177.00|19156.66|-27.19
6761902|26.50|1.70|2.10|5166.00|19166.84|-27.00
6767709|26.50|1.70|2.10|5147.00|19184.48|-27.31
6773518|26.50|1.70|2.10|5122.00|19207.76|-27.37
6779326|26.50|1.70|2.10|5107.00|19221.78|-27.44
6785134|26.50|1.70|2.10|5088.00|19239.58|-27.44
6790943|26.50|1.70|2.10|5082.00|19245.21|-27.50
6796751|26.50|1.70|2.10|5054.00|19271.57|-27.50
6802560|26.50|1.70|2.10|5043.00|19281.95|-27.56
6808368|26.50|1.70|2.10|5022.00|19301.83|-27.44
6814177|26.50|1.70|2.10|5016.00|19307.52|-27.25
6819985|26.50|1.70|2.10|4994.00|19328.44|-27.19
6825794|26.50|1.70|2.10|4980.00|19341.79|-27.00
6831601|26.50|1.70|2.00|4957.00|19363.79|-26.81
6837410|26.50|1.70|2.00|4935.00|19384.91|-26.87
6843218|26.50|1.70|2.00|4924.00|19395.50|-26.81
6849027|26.50|1.70|2.00|4910.00|19409.01|-26.56
6854836|26.50|1.70|2.00|4886.00|19432.23|-26.56
6860643|26.50|1.60|2.00|4872.00|19445.82|-26.75
6866452|26.50|1.60|2.00|4858.00|19459.44|-26.56
6872259|26.50|1.60|2.00|4838.00|19478.95|-26.44
6878069|26.60|1.70|2.00|4818.00|19498.53|-26.25
6883878|26.50|1.70|2.00|4805.00|19511.30|-26.19
6889686|26.60|1.60|2.00|4788.00|19528.03|-26.50
6895495|26.50|1.60|2.00|4760.00|19555.69|-26.56
6901302|26.50|1.60|2.00|4749.00|19566.59|-26.50
6907111|26.50|1.60|2.00|4743.00|19572.55|-26.06
6912918|26.50|1.60|2.00|4719.00|19596.43|-25.94
6918727|26.50|1.60|2.00|4705.00|19610.41|-25.75
6924535|26.60|1.60|2.00|4694.00|19621.42|-25.75
6930343|26.50|1.60|2.00|4669.00|19646.51|-25.87
6936154|26.50|1.60|2.00|4669.00|19646.51|-26.25
6941961|26.60|1.60|2.00|4641.00|19674.74|-26.44
6947770|26.60|1.60|2.00|4624.00|19691.95|-26.44
6953578|26.60|1.50|2.00|4613.00|19703.12|-26.19
6959386|26.60|1.60|2.00|4599.00|19717.36|-26.12
6965195|26.60|1.60|2.00|4580.00|19736.74|-26.19
6971002|26.60|1.60|2.00|4561.00|19756.18|-26.00
6976812|26.60|1.50|2.00|4558.00|19759.26|-25.94
6982620|26.60|1.60|1.90|4541.00|19776.72|-26.12
6988428|26.60|1.60|1.90|4522.00|19796.30|-25.87
6994236|26.60|1.60|1.90|4505.00|19813.88|-26.00
7000049|26.60|1.50|1.90|4499.00|19820.09|-26.37
7005856|26.60|1.50|1.90|4477.00|19842.94|-26.25
7011665|26.60|1.50|1.90|4460.00|19860.66|-26.00
7017474|26.60|1.50|1.90|4452.00|19869.02|-26.00
7023282|26.60|1.60|1.90|4438.00|19883.67|-26.31
7029090|26.60|1.50|1.90|4432.00|19889.96|-26.44
7034898|26.60|1.50|1.90|4414.00|19908.88|-26.62
7040706|26.60|1.50|1.90|4394.00|19929.97|-26.56
7046514|26.60|1.50|1.90|4372.00|19953.26|-26.44
7052322|26.60|1.60|1.90|4358.00|19968.14|-25.94
7058130|26.50|1.50|1.90|4358.00|19968.14|-25.75
7063940|26.50|1.50|1.90|4338.00|19989.45|-25.87
7069748|26.50|1.50|1.90|4324.00|20004.41|-25.81
7075555|26.50|1.50|1.90|4302.00|20028.01|-26.06
7081364|26.50|1.50|1.90|4288.00|20043.08|-26.31
7087171|26.50|1.50|1.90|4278.00|20053.87|-26.00
7092980|26.50|1.50|1.90|4264.00|20069.00|-25.50
7098788|26.50|1.50|1.90|4253.00|20080.92|-25.31
7104596|26.50|1.60|1.90|4233.00|20102.66|-25.62
7110405|26.50|1.50|1.90|4214.00|20123.39|-25.69
7116213|26.50|1.50|1.80|4197.00|20142.00|-25.25
7122021|26.50|1.50|1.90|4186.00|20154.08|-24.87
7127828|26.50|1.50|1.80|4172.00|20169.48|-25.19
7133637|26.50|1.50|1.90|4164.00|20178.30|-25.00
7139445|26.50|1.50|1.80|4144.00|20200.42|-24.81
7145253|26.50|1.50|1.80|4128.00|20218.17|-25.12
7151063|26.50|1.50|1.80|4106.00|20242.67|-25.06
7156870|26.50|1.50|1.80|4086.00|20265.04|-25.25
7162679|26.50|1.50|1.80|4078.00|20274.01|-25.19
7168487|26.50|1.50|1.80|4067.00|20286.37|-25.12
7174295|26.50|1.50|1.80|4045.00|20311.17|-25.06
7180105|26.50|1.50|1.80|4039.00|20317.96|-24.94
7185913|26.50|1.50|1.80|4022.00|20337.22|-24.75
7191721|26.50|1.50|1.80|4017.00|20342.90|-24.69
7197531|26.50|1.50|1.80|3984.00|20380.52|-24.75
7203338|26.50|1.50|1.80|3973.00|20393.11|-24.62
7209147|26.50|1.50|1.80|3970.00|20396.55|-24.62
7214955|26.50|1.50|1.80|3956.00|20412.64|-24.69
7220763|26.50|1.50|1.80|3940.00|20431.07|-24.81
7226571|26.50|1.50|1.80|3920.00|20454.20|-24.81
7232378|26.50|1.50|1.80|3909.00|20466.96|-24.94
7238189|26.50|1.50|1.80|3903.00|20473.94|-24.87
7243997|26.50|1.50|1.80|3889.00|20490.24|-24.87
7249804|26.50|1.50|1.80|3861.00|20523.00|-24.81
7255613|26.50|1.50|1.80|3845.00|20541.80|-24.94
7261420|26.50|1.50|1.80|3840.00|20547.69|-25.12
7267229|26.50|1.50|1.80|3826.00|20564.21|-25.50
7273036|26.50|1.40|1.80|3820.00|20571.31|-25.81
7278845|26.50|1.50|1.80|3806.00|20587.90|-25.87
7284654|26.50|1.50|1.80|3790.00|20606.92|-25.81
7290461|26.50|1.50|1.70|3779.00|20620.04|-25.75
7296270|26.50|1.50|1.70|3756.00|20647.56|-25.50
7302079|26.50|1.40|1.70|3751.00|20653.57|-25.19
7307887|26.50|1.50|1.70|3739.00|20667.99|-25.00
7313695|26.50|1.40|1.70|3725.00|20684.88|-24.75
7319502|26.50|1.50|1.70|3709.00|20704.23|-24.69
7325312|26.50|1.50|1.70|3698.00|20717.58|-24.81
7331119|26.50|1.50|1.70|3687.00|20730.96|-24.50
7336928|26.50|1.40|1.70|3676.00|20744.37|-24.50
7342736|26.50|1.50|1.70|3660.00|20763.94|-24.69
7348544|26.50|1.40|1.70|3660.00|20763.94|-24.56
7354352|26.50|1.50|1.70|3634.00|20795.89|-24.37
7360160|26.50|1.40|1.70|3635.00|20794.65|-24.12
7365969|26.50|1.40|1.70|3623.00|20809.46|-23.87
7371777|26.50|1.40|1.70|3607.00|20829.26|-23.50
7377586|26.50|1.40|1.70|3593.00|20846.64|-23.62
7383393|26.50|1.40|1.70|3584.00|20857.84|-23.62
7389202|26.50|1.40|1.70|3568.00|20877.82|-23.56
7395009|26.50|1.40|1.70|3551.00|20899.12|-23.75
7400818|26.50|1.40|1.70|3540.00|20912.95|-24.00
7406625|26.50|1.40|1.70|3532.00|20923.02|-23.75
7412434|26.50|1.40|1.70|3518.00|20940.71|-24.00
7418242|26.50|1.40|1.70|3507.00|20954.64|-24.06
7424052|26.50|1.40|1.70|3496.00|20968.61|-24.12
7429860|26.50|1.40|1.70|3482.00|20986.43|-24.37
7435668|26.50|1.40|1.70|3468.00|21004.32|-24.06
7441476|26.50|1.40|1.70|3460.00|21014.57|-23.87
7447291|26.50|1.40|1.70|3446.00|21032.55|-23.69
7453100|26.50|1.40|1.70|3435.00|21046.72|-23.56
7458908|26.50|1.40|1.70|3407.00|21082.95|-23.50
7464717|26.50|1.40|1.70|3410.00|21079.06|-23.31
7470525|26.50|1.40|1.70|3399.00|21093.34|-22.87
7476333|26.50|1.40|1.60|3380.00|21118.12|-22.81
7482143|26.50|1.40|1.70|3369.00|21132.51|-22.87
7487951|26.50|1.40|1.60|3366.00|21136.44|-22.75
7493760|26.50|1.40|1.70|3344.00|21165.36|-22.81
7499568|26.50|1.40|1.70|3338.00|21173.27|-22.50
7505376|26.50|1.40|1.70|3330.00|21183.84|-22.62
7511185|26.50|1.40|1.60|3316.00|21202.39|-22.37
7516993|26.50|1.40|1.60|3305.00|21217.01|-22.37
7522801|26.50|1.40|1.60|3294.00|21231.66|-22.25
7528609|26.50|1.40|1.70|3277.00|21254.39|-21.94
7534417|26.50|1.40|1.60|3274.00|21258.41|-21.94
7540227|26.50|1.40|1.60|3249.00|21292.04|-21.81
7546036|26.50|1.40|1.60|3246.00|21296.09|-21.69
7551843|26.50|1.40|1.60|3239.00|21305.55|-21.94
7557652|26.50|1.40|1.60|3217.00|21335.39|-22.12
7563460|26.50|1.40|1.60|3217.00|21335.39|-21.94
7569268|26.50|1.40|1.60|3208.00|21347.64|-21.56
7575076|26.50|1.40|1.60|3200.00|21358.55|-21.56
7580883|26.50|1.40|1.60|3180.00|21385.94|-21.75
7586693|26.50|1.40|1.60|3180.00|21385.94|-21.62
7592501|26.50|1.40|1.60|3161.00|21412.09|-21.50
7598309|26.50|1.40|1.60|3150.00|21427.28|-21.62
7604119|26.50|1.40|1.60|3141.00|21439.75|-21.69
7609927|26.50|1.40|1.60|3136.00|21446.69|-21.69
7615735|26.50|1.40|1.60|3128.00|21457.81|-21.94
7621544|26.50|1.40|1.60|3119.00|21470.34|-21.69
7627353|26.50|1.50|1.60|3101.00|21495.50|-21.62
7633161|26.50|1.40|1.60|3095.00|21503.91|-22.00
7638969|26.50|1.40|1.60|3081.00|21523.60|-22.37
7644777|26.50|1.40|1.60|3075.00|21532.05|-22.62
7650586|26.50|1.40|1.60|3053.00|21563.18|-22.25
7656394|26.50|1.40|1.60|3045.00|21574.54|-22.06
7662202|26.50|1.40|1.60|3034.00|21590.20|-22.00
7668013|26.50|1.40|1.60|3031.00|21594.49|-21.87
7673821|26.50|1.40|1.60|3023.00|21605.91|-22.19
7679629|26.50|1.40|1.60|3000.00|21638.91|-22.44
7685437|26.50|1.40|1.60|3000.00|21638.91|-22.44
7691244|26.40|1.40|1.60|2984.00|21661.99|-22.50
7697053|26.50|1.40|1.60|2961.00|21695.34|-22.25
7702861|26.50|1.40|1.60|2964.00|21690.97|-21.94
7708669|26.40|1.50|1.60|2956.00|21702.62|-21.94
7714478|26.50|1.40|1.60|2946.00|21717.20|-21.50
7720285|26.40|1.40|1.60|2935.00|21733.29|-21.06
7726095|26.50|1.40|1.60|2909.00|21771.51|-20.50
7731904|26.40|1.40|1.60|2907.00|21774.46|-20.19
7737711|26.50|1.40|1.60|2901.00|21783.33|-20.19
7743520|26.50|1.50|1.60|2882.00|21811.50|-19.81
7749329|26.40|1.50|1.60|2882.00|21811.50|-19.44
7755137|26.40|1.40|1.60|2865.00|21836.83|-19.44
7760946|26.40|1.50|1.60|2862.00|21841.32|-19.25
7766754|26.50|1.40|1.60|2848.00|21862.29|-19.19
7772562|26.40|1.50|1.60|2831.00|21887.87|-19.50
7778371|26.50|1.50|1.60|2826.00|21895.41|-19.50
7784180|26.50|1.50|1.60|2815.00|21912.06|-19.62
7789987|26.50|1.40|1.60|2810.00|21919.64|-19.75
7795796|26.50|1.50|1.60|2796.00|21940.93|-19.62
7801605|26.40|1.50|1.60|2785.00|21957.72|-19.81
7807413|26.40|1.40|1.60|2774.00|21974.55|-19.56
7813222|26.50|1.50|1.60|2769.00|21982.23|-19.69
7819030|26.50|1.50|1.60|2760.00|21996.07|-19.87
7824838|26.50|1.40|1.60|2752.00|22008.40|-20.00
7830647|26.50|1.50|1.60|2738.00|22030.05|-20.19
7836454|26.40|1.50|1.60|2727.00|22047.12|-19.87
7842264|26.50|1.50|1.60|2718.00|22061.13|-19.94
7848074|26.40|1.50|1.60|2713.00|22068.93|-20.00
7853881|26.40|1.50|1.60|2702.00|22086.14|-20.00
7859690|26.40|1.50|1.60|2693.00|22100.25|-19.87
7865498|26.50|1.50|1.60|2682.00|22117.56|-19.81
7871306|26.40|1.50|1.60|2685.00|22112.83|-19.81
7877115|26.40|1.50|1.60|2655.00|22160.28|-20.12
7882923|26.40|1.50|1.60|2658.00|22155.51|-20.31
7888732|26.40|1.50|1.60|2647.00|22173.01|-19.94
7894540|26.40|1.50|1.60|2641.00|22182.57|-19.69
7900348|26.40|1.50|1.60|2633.00|22195.35|-19.62
7906158|26.40|1.50|1.60|2630.00|22200.15|-19.81
7911966|26.40|1.50|1.60|2628.00|22203.35|-19.81
7917774|26.40|1.50|1.60|2614.00|22225.83|-19.87
7923584|26.40|1.50|1.60|2605.00|22240.33|-19.87
7929392|26.40|1.50|1.60|2603.00|22243.56|-20.19
7935200|26.40|1.50|1.60|2591.00|22262.97|-20.44
7941008|26.40|1.50|1.60|2580.00|22280.82|-20.37
7946815|26.40|1.50|1.60|2569.00|22298.74|-20.37
7952624|26.40|1.50|1.60|2564.00|22306.91|-20.56
7958432|26.40|1.50|1.60|2552.00|22326.56|-20.75
7964240|26.40|1.50|1.60|2541.00|22344.64|-20.56
7970053|26.40|1.60|1.60|2541.00|22344.64|-20.25
7975862|26.40|1.50|1.60|2519.00|22380.98|-20.06
7981669|26.40|1.50|1.60|2516.00|22385.95|-20.31
7987478|26.30|1.60|1.60|2511.00|22394.26|-20.62
7993285|26.30|1.50|1.60|2501.00|22410.91|-20.44
7999094|26.30|1.60|1.60|2498.00|22415.91|-20.12
8004901|26.30|1.60|1.60|2487.00|22434.31|-19.87
8010711|26.30|1.60|1.60|2484.00|22439.33|-19.75
8016519|26.30|1.50|1.60|2476.00|22452.76|-19.81
8022327|26.30|1.50|1.60|2467.00|22467.91|-19.81
8028137|26.30|1.60|1.70|2459.00|22481.43|-19.56
8033944|26.30|1.60|1.60|2448.00|22500.06|-19.12
8039753|26.30|1.60|1.60|2439.00|22515.35|-18.81
8045560|26.30|1.60|1.70|2434.00|22523.86|-18.50
8051369|26.30|1.60|1.60|2420.00|22547.79|-18.44
8057177|26.30|1.60|1.70|2409.00|22566.66|-18.50
8062986|26.30|1.60|1.70|2403.00|22576.98|-18.37
8068793|26.30|1.60|1.70|2400.00|22582.15|-18.31
8074602|26.30|1.60|1.70|2384.00|22609.81|-18.44
8080409|26.30|1.60|1.70|2384.00|22609.81|-18.37
8086218|26.30|1.60|1.70|2373.00|22628.92|-18.25
8092027|26.30|1.60|1.70|2365.00|22642.86|-18.25
8097836|26.30|1.60|1.70|2362.00|22648.09|-18.25
8103644|26.30|1.60|1.70|2351.00|22667.34|-18.19
8109452|26.30|1.60|1.70|2346.00|22676.11|-17.94
8115260|26.30|1.60|1.70|2337.00|22691.95|-17.81
8121068|26.30|1.60|1.70|2326.00|22711.36|-18.00
8126876|26.30|1.70|1.70|2318.00|22725.53|-18.37
8132684|26.30|1.60|1.70|2310.00|22739.74|-18.62
8138492|26.30|1.60|1.70|2307.00|22745.07|-18.37
8144301|26.30|1.70|1.70|2296.00|22764.70|-17.94
8150111|26.30|1.60|1.70|2296.00|22764.70|-17.69
8155919|26.30|1.70|1.70|2290.00|22775.43|-17.56
8161727|26.30|1.70|1.70|2276.00|22800.56|-17.87
8167535|26.30|1.70|1.70|2273.00|22805.97|-18.00
8173343|26.30|1.60|1.70|2265.00|22820.40|-17.62
8179151|26.30|1.70|1.70|2254.00|22840.31|-17.19
8184958|26.30|1.70|1.70|2248.00|22851.21|-16.94
8190768|26.20|1.70|1.70|2243.00|22860.31|-17.00
8196575|26.30|1.70|1.70|2229.00|22885.87|-17.06
8202384|26.30|1.70|1.70|2216.00|22909.73|-16.81
8208192|26.20|1.70|1.70|2213.00|22915.25|-16.44
8214000|26.30|1.70|1.70|2213.00|22915.25|-16.31
8219809|26.20|1.70|1.70|2208.00|22924.46|-16.12
8225616|26.20|1.70|1.70|2194.00|22950.35|-15.88
8231426|26.30|1.70|1.70|2194.00|22950.35|-15.88
8237233|26.20|1.70|1.70|2180.00|22976.38|-15.69
8243042|26.20|1.70|1.70|2177.00|22981.97|-16.00
8248849|26.20|1.70|1.70|2174.00|22987.57|-15.94
8254658|26.20|1.70|1.70|2152.00|23028.83|-15.88
8260465|26.20|1.70|1.70|2158.00|23017.54|-16.06
8266274|26.20|1.70|1.70|2146.00|23040.15|-15.88
8272084|26.20|1.70|1.70|2135.00|23060.95|-15.63
8277893|26.20|1.70|1.70|2130.00|23070.44|-15.44
8283702|26.20|1.70|1.70|2127.00|23076.14|-15.13
8289510|26.20|1.70|1.70|2113.00|23102.83|-14.69
8295319|26.20|1.70|1.70|2105.00|23118.14|-14.38
8301127|26.20|1.70|1.70|2099.00|23129.66|-14.19
8306936|26.20|1.70|1.70|2091.00|23145.06|-14.06
8312744|26.20|1.70|1.70|2078.00|23170.18|-14.00
8318554|26.20|1.70|1.70|2078.00|23170.18|-13.69
8324362|26.20|1.70|1.70|2070.00|23185.71|-13.56
8330172|26.20|1.70|1.70|2064.00|23197.38|-13.56
8335980|26.20|1.70|1.70|2064.00|23197.38|-13.56
8341788|26.20|1.70|1.80|2053.00|23218.86|-13.69
8347596|26.20|1.80|1.80|2047.00|23230.61|-13.38
8353404|26.20|1.80|1.80|2036.00|23252.23|-13.25
8359213|26.20|1.80|1.80|2036.00|23252.23|-13.00
8365021|26.20|1.80|1.80|2031.00|23262.09|-12.81
8370830|26.20|1.80|1.80|2025.00|23273.94|-12.94
8376638|26.20|1.80|1.80|2014.00|23295.76|-12.94
8382447|26.20|1.80|1.80|2011.00|23301.72|-12.69
8388254|26.20|1.80|1.80|2006.00|23311.68|-12.50
8394064|26.20|1.80|1.80|2000.00|23323.66|-12.50
8399874|26.20|1.80|1.80|1989.00|23345.69|-12.38
8405682|26.20|1.80|1.80|1984.00|23355.74|-12.31
8411491|26.10|1.80|1.80|1978.00|23367.82|-12.38
8417298|26.10|1.80|1.80|1972.00|23379.93|-12.56
8423107|26.10|1.80|1.80|1975.00|23373.87|-12.38
8428914|26.10|1.80|1.80|1959.00|23406.28|-12.56
8434723|26.10|1.90|1.80|1950.00|23424.60|-12.69
8440531|26.10|1.90|1.80|1950.00|23424.60|-12.38
8446340|26.10|1.90|1.80|1953.00|23418.49|-12.13
8452150|26.10|1.90|1.80|1936.00|23453.25|-11.75
8457957|26.10|1.80|1.80|1929.00|23467.63|-11.56
8463766|26.10|1.90|1.80|1924.00|23477.93|-11.56
8469574|26.10|1.90|1.80|1915.00|23496.52|-11.75
8475382|26.10|1.90|1.90|1918.00|23490.32|-11.63
8481191|26.10|1.90|1.80|1904.00|23519.34|-11.50
8486999|26.10|1.90|1.90|1901.00|23525.59|-11.31
8492808|26.10|1.90|1.90|1901.00|23525.59|-11.50
8498616|26.10|1.90|1.90|1873.00|23584.24|-11.63
8504424|26.10|1.90|1.90|1885.00|23559.02|-11.94
8510242|26.00|1.90|1.90|1876.00|23577.93|-12.13
8516052|26.00|2.00|1.90|1871.00|23588.46|-12.44
8521861|26.00|1.90|1.90|1860.00|23611.72|-12.63
8527669|26.00|2.00|1.90|1860.00|23611.72|-12.38
8533478|26.00|2.00|1.90|1849.00|23635.09|-12.31
8539285|26.00|2.00|1.90|1840.00|23654.29|-12.13
8545094|26.00|2.00|1.90|1837.00|23660.71|-11.88
8550902|26.00|2.00|1.90|1824.00|23688.62|-11.88
8556710|25.90|2.00|1.90|1815.00|23708.04|-11.94
8562519|25.90|2.00|1.90|1824.00|23688.62|-12.00
8568327|25.90|2.00|1.90|1801.00|23738.40|-12.00
8574137|25.90|2.00|1.90|1796.00|23749.29|-12.00
8579946|25.90|2.00|1.90|1801.00|23738.40|-11.56
8585754|25.90|2.00|2.00|1788.00|23766.76|-11.19
8591562|25.80|2.00|2.00|1777.00|23790.89|-11.31
8597370|25.80|2.00|2.00|1786.00|23771.15|-11.06
8603180|25.90|2.10|2.00|1769.00|23808.52|-11.13
8608989|25.80|2.00|2.00|1766.00|23815.14|-11.25
8614797|25.80|2.10|2.00|1761.00|23826.21|-11.00
8620605|25.80|2.10|2.00|1758.00|23832.86|-11.00
8626413|25.80|2.10|2.00|1750.00|23850.64|-11.31
8632222|25.80|2.10|2.00|1741.00|23870.72|-11.19
8638032|25.80|2.10|2.00|1736.00|23881.91|-11.00
8643841|25.80|2.10|2.00|1730.00|23895.38|-10.88
8649649|25.80|2.20|2.00|1725.00|23906.63|-10.63
8655458|25.80|2.10|2.00|1716.00|23926.95|-10.31
8661265|25.70|2.20|2.10|1722.00|23913.40|-10.25
8667074|25.70|2.20|2.10|1705.00|23951.90|-10.50
8672882|25.70|2.20|2.10|1705.00|23951.90|-10.56
8678690|25.70|2.20|2.10|1702.00|23958.73|-10.69
8684499|25.70|2.20|2.10|1697.00|23970.13|-10.94
8690308|25.70|2.20|2.10|1691.00|23983.84|-11.13
8696116|25.70|2.20|2.10|1680.00|24009.09|-11.19
8701925|25.70|2.20|2.10|1672.00|24027.54|-11.31
8707733|25.60|2.20|2.10|1672.00|24027.54|-11.13
8713541|25.60|2.20|2.10|1666.00|24041.42|-11.13
8719350|25.60|2.20|2.10|1669.00|24034.48|-11.38
8725158|25.60|2.20|2.10|1651.00|24076.31|-11.50
8730967|25.60|2.20|2.10|1655.00|24066.98|-11.69
8736776|25.60|2.20|2.10|1651.00|24076.31|-11.94
8742584|25.60|2.20|2.10|1651.00|24076.31|-12.19
8748392|25.60|2.20|2.10|1645.00|24090.33|-11.94
8754201|25.50|2.20|2.10|1640.00|24102.05|-11.63
8760011|25.50|2.30|2.20|1634.00|24116.15|-11.69
8765818|25.50|2.30|2.10|1628.00|24130.30|-11.38
8771627|25.50|2.30|2.20|1617.00|24156.34|-11.44
8777435|25.50|2.30|2.20|1620.00|24149.22|-11.38
8783243|25.50|2.30|2.20|1612.00|24168.22|-11.31
8789051|25.50|2.30|2.20|1609.00|24175.37|-11.31
8794860|25.50|2.30|2.20|1598.00|24201.66|-11.06
8800669|25.50|2.30|2.20|1592.00|24216.06|-10.81
8806478|25.50|2.30|2.20|1587.00|24228.09|-10.69
8812288|25.40|2.30|2.20|1584.00|24235.33|-10.81
8818097|25.50|2.30|2.20|1581.00|24242.57|-10.88
8823905|25.50|2.30|2.20|1573.00|24261.96|-10.81
8829714|25.50|2.40|2.20|1567.00|24276.54|-10.94
8835523|25.40|2.30|2.20|1559.00|24296.06|-11.00
8841332|25.40|2.30|2.20|1556.00|24303.40|-10.81
8847141|25.40|2.30|2.20|1551.00|24315.66|-10.50
8852950|25.50|2.40|2.20|1545.00|24330.42|-10.13
8858758|25.40|2.40|2.20|1537.00|24350.16|-10.25
8864566|25.40|2.40|2.20|1539.00|24345.22|-10.06
8870374|25.40|2.40|2.20|1528.00|24372.48|-9.75
8876182|25.40|2.40|2.20|1531.00|24365.03|-9.75
8881992|25.40|2.40|2.20|1517.00|24399.90|-9.50
8887801|25.40|2.40|2.20|1512.00|24412.41|-9.44
8893609|25.40|2.40|2.20|1506.00|24427.47|-9.56
8899418|25.40|2.40|2.20|1496.00|24452.69|-9.44
8905226|25.40|2.40|2.20|1493.00|24460.28|-9.63
8911033|25.40|2.50|2.20|1490.00|24467.88|-9.88
8916842|25.40|2.40|2.20|1485.00|24480.58|-9.69
8922651|25.40|2.50|2.20|1482.00|24488.21|-9.88
8928459|25.40|2.50|2.30|1482.00|24488.21|-9.81
8934267|25.30|2.50|2.30|1476.00|24503.52|-9.44
8940080|25.30|2.50|2.30|1465.00|24531.72|-9.19
8945889|25.30|2.50|2.30|1471.00|24516.32|-9.38
8951697|25.30|2.50|2.30|1465.00|24531.72|-9.56
8957505|25.30|2.50|2.30|1465.00|24531.72|-9.56
8963313|25.30|2.50|2.30|1457.00|24552.34|-9.44
8969122|25.30|2.50|2.30|1454.00|24560.09|-9.19
8974930|25.30|2.50|2.30|1449.00|24573.05|-9.06
8980738|25.30|2.50|2.30|1446.00|24580.83|-9.06
8986547|25.30|2.50|2.30|1440.00|24596.45|-8.94
8992355|25.30|2.50|2.30|1435.00|24609.51|-8.94
8998163|25.30|2.50|2.30|1426.00|24633.10|-8.88
9003972|25.30|2.50|2.30|1424.00|24638.36|-8.94
9009780|25.30|2.60|2.30|1421.00|24646.26|-9.00
9015589|25.30|2.50|2.30|1421.00|24646.26|-9.13
9021398|25.30|2.50|2.30|1404.00|24691.29|-9.06
9027206|25.30|2.60|2.30|1404.00|24691.29|-9.00
9033013|25.20|2.60|2.40|1407.00|24683.31|-9.31
9038822|25.20|2.60|2.40|1401.00|24699.28|-9.63
9044630|25.20|2.60|2.40|1390.00|24728.70|-9.75
9050437|25.20|2.60|2.40|1393.00|24720.66|-10.00
9056246|25.20|2.60|2.40|1379.00|24758.31|-9.94
9062054|25.20|2.60|2.40|1388.00|24734.07|-9.88
9067864|25.20|2.60|2.40|1385.00|24742.13|-10.13
9073672|25.20|2.60|2.40|1376.00|24766.42|-10.19
9079479|25.20|2.60|2.40|1368.00|24788.11|-10.25
9085288|25.20|2.60|2.40|1363.00|24801.72|-10.38
9091096|25.20|2.70|2.40|1363.00|24801.72|-10.25
9096904|25.20|2.70|2.40|1363.00|24801.72|-10.38
9102711|25.20|2.60|2.40|1352.00|24831.81|-10.38
9108519|25.10|2.70|2.40|1344.00|24853.81|-10.56
9114329|25.10|2.70|2.40|1347.00|24845.55|-10.75
9120138|25.10|2.60|2.40|1336.00|24875.92|-10.56
9125948|25.10|2.70|2.40|1336.00|24875.92|-10.19
9131756|25.10|2.70|2.40|1330.00|24892.58|-10.19
9137564|25.10|2.70|2.40|1330.00|24892.58|-10.31
9143372|25.10|2.70|2.40|1322.00|24914.88|-10.25
9149179|25.10|2.70|2.50|1316.00|24931.67|-10.31
9154989|25.10|2.70|2.50|1314.00|24937.28|-10.44
9160797|25.10|2.70|2.50|1297.00|24985.27|-10.38
9166605|25.10|2.70|2.50|1300.00|24976.77|-10.31
9172413|25.10|2.70|2.50|1294.00|24993.80|-10.13
9178220|25.00|2.70|2.50|1300.00|24976.77|-10.19
9184029|25.00|2.70|2.50|1291.00|25002.33|-10.38
9189838|25.00|2.70|2.50|1283.00|25025.18|-10.31
9195646|25.00|2.70|2.50|1283.00|25025.18|-10.13
9201455|25.00|2.80|2.50|1275.00|25048.14|-9.75
9207262|25.00|2.80|2.50|1275.00|25048.14|-9.56
9213071|25.00|2.70|2.50|1269.00|25065.44|-9.44
9218879|25.00|2.80|2.50|1272.00|25056.78|-9.13
9224686|25.00|2.70|2.50|1263.00|25082.81|-8.75
9230495|25.00|2.80|2.50|1252.00|25114.81|-8.69
9236303|25.00|2.80|2.60|1266.00|25074.11|-8.56
9242112|25.00|2.80|2.60|1255.00|25106.06|-8.25
9247920|25.00|2.80|2.60|1250.00|25120.66|-8.13
9253729|25.00|2.80|2.60|1247.00|25129.44|-7.94
9259537|25.00|2.80|2.60|1244.00|25138.23|-7.56
9265345|25.00|2.80|2.60|1250.00|25120.66|-7.25
9271153|25.00|2.80|2.60|1238.00|25155.88|-7.13
9276962|25.00|2.80|2.60|1227.00|25188.41|-7.25
9282770|25.00|2.80|2.60|1230.00|25179.52|-7.44
9288578|25.00|2.80|2.60|1230.00|25179.52|-7.50
9294387|25.00|2.90|2.60|1225.00|25194.36|-7.31
9300195|24.90|2.90|2.60|1225.00|25194.36|-6.94
9306003|24.90|2.90|2.60|1214.00|25227.17|-6.56
9311812|24.90|2.90|2.60|1217.00|25218.19|-6.31
9317619|24.90|2.90|2.70|1212.00|25233.16|-5.94
9323428|24.90|2.90|2.70|1217.00|25218.19|-5.63
9329236|24.90|2.90|2.70|1203.00|25260.22|-5.50
9335045|24.90|2.90|2.70|1209.00|25242.16|-5.69
9340852|24.90|3.00|2.70|1206.00|25251.19|-6.06
9346661|24.90|2.90|2.70|1206.00|25251.19|-6.25
9352469|24.90|3.00|2.70|1201.00|25266.26|-5.94
9358277|24.90|3.00|2.70|1192.00|25293.53|-5.56
9364085|24.80|3.00|2.70|1187.00|25308.75|-5.31
9369895|24.80|3.00|2.80|1192.00|25293.53|-5.31
9375704|24.80|3.00|2.80|1181.00|25327.08|-5.56
9381512|24.80|3.00|2.80|1184.00|25317.90|-5.88
9387320|24.80|3.00|2.80|1179.00|25333.20|-6.00
9393128|24.80|3.10|2.80|1181.00|25327.08|-6.00
9398936|24.80|3.00|2.80|1162.00|25385.63|-6.13
9404743|24.70|3.00|2.80|1170.00|25360.88|-6.25
9410552|24.70|3.10|2.80|1165.00|25376.33|-6.19
9416361|24.70|3.10|2.90|1159.00|25394.94|-6.19
9422170|24.70|3.10|2.90|1151.00|25419.88|-6.19
9427978|24.70|3.10|2.90|1151.00|25419.88|-6.31
9433787|24.70|3.10|2.90|1142.00|25448.11|-6.44
9439595|24.70|3.10|2.90|1142.00|25448.11|-6.44
9445403|24.60|3.20|2.90|1140.00|25454.40|-6.31
9451212|24.60|3.20|2.90|1131.00|25482.85|-6.25
9457019|24.60|3.20|2.90|1129.00|25489.19|-6.13
9462829|24.60|3.20|3.00|1131.00|25482.85|-6.00
9468637|24.60|3.20|3.00|1126.00|25498.73|-6.06
9474445|24.60|3.20|3.00|1120.00|25517.86|-6.13
9480254|24.60|3.20|3.00|1117.00|25527.46|-6.00
9486062|24.60|3.20|3.00|1115.00|25533.87|-5.88
9491870|24.60|3.20|3.00|1109.00|25553.16|-5.75
9497680|24.60|3.20|3.00|1112.00|25543.51|-5.94
9503489|24.50|3.20|3.00|1104.00|25569.30|-6.00
9509297|24.50|3.30|3.00|1098.00|25588.74|-5.81
9515105|24.50|3.30|3.00|1106.00|25562.83|-5.50
9520913|24.50|3.30|3.10|1098.00|25588.74|-5.13
9526721|24.50|3.30|3.00|1095.00|25598.49|-4.94
9532529|24.50|3.30|3.10|1090.00|25614.80|-4.81
9538336|24.50|3.30|3.10|1087.00|25624.61|-4.56
9544145|24.50|3.30|3.10|1090.00|25614.80|-4.31
9549954|24.50|3.30|3.10|1081.00|25644.30|-4.13
9555763|24.50|3.40|3.10|1084.00|25634.44|-3.81
9561570|24.50|3.40|3.10|1079.00|25650.88|-3.63
9567379|24.40|3.40|3.10|1074.00|25667.38|-3.56
9573187|24.40|3.40|3.10|1074.00|25667.38|-3.25
9578995|24.40|3.40|3.10|1066.00|25693.91|-2.88
9584803|24.40|3.40|3.10|1066.00|25693.91|-2.75
9590610|24.40|3.40|3.10|1057.00|25723.95|-2.63
9596427|24.40|3.40|3.20|1055.00|25730.66|-2.63
9602235|24.40|3.50|3.20|1066.00|25693.91|-2.81
9608043|24.40|3.50|3.20|1055.00|25730.66|-3.13
9613850|24.30|3.50|3.20|1052.00|25740.73|-3.25
9619659|24.30|3.50|3.20|1052.00|25740.73|-3.19
9625468|24.30|3.50|3.20|1049.00|25750.83|-2.94
9631278|24.30|3.50|3.20|1046.00|25760.95|-2.63
9637086|24.30|3.50|3.20|1041.00|25777.87|-2.69
9642894|24.30|3.50|3.20|1046.00|25760.95|-2.69
9648702|24.20|3.50|3.20|1035.00|25798.26|-2.69
9654511|24.30|3.60|3.20|1044.00|25767.71|-2.50
9660319|24.20|3.60|3.30|1035.00|25798.26|-2.13
9666127|24.20|3.60|3.30|1035.00|25798.26|-1.88
9671936|24.20|3.60|3.30|1021.00|25846.23|-1.81
9677745|24.20|3.60|3.30|1032.00|25808.50|-2.06
9683555|24.20|3.60|3.30|1030.00|25815.33|-2.31
9689363|24.20|3.60|3.30|1027.00|25825.61|-2.31
9695171|24.20|3.70|3.30|1018.00|25856.57|-2.06
9700979|24.20|3.70|3.30|1010.00|25884.28|-1.81
9706788|24.20|3.70|3.30|1013.00|25873.87|-1.44
9712596|24.10|3.70|3.30|1013.00|25873.87|-1.19
9718405|24.10|3.70|3.30|1007.00|25894.72|-1.37
9724213|24.10|3.70|3.40|1010.00|25884.28|-1.63
9730022|24.10|3.70|3.40|1002.00|25912.17|-2.00
9735830|24.10|3.70|3.40|996.00|25933.21|-2.25
9741639|24.10|3.70|3.40|996.00|25933.21|-2.31
9747446|24.10|3.70|3.40|994.00|25940.24|-2.31
9753255|24.10|3.80|3.40|988.00|25961.41|-2.06
9759064|24.00|3.80|3.40|985.00|25972.04|-1.75
9764872|24.00|3.70|3.40|982.00|25982.69|-1.56
9770681|24.00|3.80|3.40|977.00|26000.50|-1.37
9776489|24.00|3.80|3.40|985.00|25972.04|-1.12
9782297|24.00|3.80|3.40|982.00|25982.69|-1.00
9788105|24.00|3.80|3.40|971.00|26021.97|-1.00
9793912|24.00|3.80|3.50|980.00|25989.81|-1.19
9799721|24.00|3.80|3.50|966.00|26039.95|-1.31
9805531|24.00|3.80|3.50|971.00|26021.97|-1.31
9811338|24.00|3.80|3.50|960.00|26061.62|-1.25
9817147|23.90|3.80|3.50|971.00|26021.97|-1.06
9822955|23.90|3.80|3.50|966.00|26039.95|-0.81
9828763|23.90|3.80|3.50|960.00|26061.62|-0.63
9834570|23.90|3.90|3.50|960.00|26061.62|-0.50
9840379|23.90|3.90|3.50|949.00|26101.63|-0.37
9846188|23.90|3.90|3.50|949.00|26101.63|-0.44
9851996|23.90|3.90|3.50|955.00|26079.76|-0.63
9857804|23.90|3.90|3.60|952.00|26090.68|-0.69
9863612|23.90|3.90|3.60|946.00|26112.61|-0.50
9869422|23.90|4.00|3.60|946.00|26112.61|-0.25
9875231|23.90|4.00|3.60|949.00|26101.63|0.06
9881039|23.90|4.00|3.60|941.00|26130.97|0.37
9886848|23.90|4.00|3.60|938.00|26142.02|0.63
9892656|23.80|4.00|3.60|938.00|26142.02|0.69
9898464|23.80|4.00|3.60|941.00|26130.97|0.94
9904272|23.80|4.00|3.70|941.00|26130.97|0.81
9910080|23.80|4.00|3.70|938.00|26142.02|0.75
9915888|23.80|4.00|3.70|935.00|26153.11|0.63
9921696|23.80|4.10|3.70|935.00|26153.11|0.56
9927504|23.80|4.10|3.70|935.00|26153.11|0.25
9933317|23.70|4.10|3.70|928.00|26179.08|-0.12
9939125|23.80|4.10|3.70|922.00|26201.47|-0.19
9944933|23.70|4.20|3.70|920.00|26208.95|-0.37
9950741|23.70|4.10|3.70|920.00|26208.95|-0.63
9956549|23.70|4.20|3.80|925.00|26190.26|-0.81
9962356|23.70|4.20|3.80|914.00|26231.50|-0.94
9968165|23.60|4.20|3.80|920.00|26208.95|-1.00
9973974|23.70|4.20|3.80|914.00|26231.50|-0.81
9979782|23.60|4.20|3.80|917.00|26220.21|-0.50
9985590|23.60|4.20|3.80|911.00|26242.82|-0.31
9991398|23.60|4.20|3.80|909.00|26250.38|-0.37
9997208|23.60|4.20|3.80|903.00|26273.15|-0.37
10003016|23.60|4.20|3.80|900.00|26284.58|-0.19
10008823|23.50|4.20|3.90|895.00|26303.70|-0.06
10014632|23.50|4.30|3.90|895.00|26303.70|0.00
10020441|23.50|4.20|3.90|897.00|26296.04|0.19
10026248|23.50|4.30|3.90|895.00|26303.70|0.37
10032057|23.50|4.30|3.90|883.00|26349.93|0.44
10037865|23.50|4.30|3.90|892.00|26315.21|0.31
10043672|23.50|4.30|3.90|881.00|26357.69|0.19
10049481|23.50|4.30|3.90|881.00|26357.69|0.12
10055289|23.40|4.30|4.00|889.00|26326.75|0.06
10061097|23.40|4.30|4.00|881.00|26357.69|0.12
10066907|23.40|4.40|4.00|881.00|26357.69|0.19
10072715|23.40|4.40|4.00|881.00|26357.69|0.19
10078523|23.40|4.40|4.00|878.00|26369.35|0.25
10084331|23.40|4.40|4.00|878.00|26369.35|0.37
10090138|23.30|4.50|4.00|872.00|26392.77|0.37
10095947|23.30|4.40|4.00|872.00|26392.77|0.25
10101755|23.30|4.50|4.00|872.00|26392.77|0.25
10107564|23.30|4.50|4.00|867.00|26412.39|0.19
10113372|23.30|4.50|4.00|858.00|26447.92|0.06
10119179|23.30|4.50|4.00|856.00|26455.86|-0.06
10124989|23.30|4.50|4.00|870.00|26400.61|-0.44
10130798|23.30|4.50|4.10|861.00|26436.05|-0.69
10136606|23.30|4.50|4.10|861.00|26436.05|-0.69
10142414|23.20|4.50|4.10|859.00|26443.96|-0.37
10148222|23.20|4.50|4.10|856.00|26455.86|0.00
10154030|23.20|4.50|4.10|856.00|26455.86|0.37
10159839|23.20|4.50|4.10|850.00|26479.77|0.75
10165647|23.30|4.60|4.10|850.00|26479.77|1.12
10171455|23.20|4.50|4.10|847.00|26491.77|1.44
10177264|23.20|4.60|4.10|845.00|26499.79|1.69
10183072|23.20|4.60|4.10|850.00|26479.77|1.81
10188880|23.20|4.60|4.10|850.00|26479.77|1.94
10194690|23.20|4.60|4.10|845.00|26499.79|2.06
10200498|23.20|4.60|4.10|853.00|26467.80|2.44
10206306|23.20|4.70|4.10|847.00|26491.77|2.75
10212114|23.10|4.60|4.10|839.00|26523.95|3.06
10217922|23.10|4.60|4.10|842.00|26511.86|3.38
10223730|23.10|4.60|4.10|836.00|26536.08|3.50
10229538|23.10|4.70|4.10|839.00|26523.95|3.63
10235346|23.10|4.60|4.10|836.00|26536.08|3.75
10241154|23.10|4.60|4.10|836.00|26536.08|3.75
10246963|23.10|4.70|4.10|833.00|26548.25|3.81
10252773|23.10|4.70|4.10|828.00|26568.61|3.88
10258581|23.10|4.70|4.10|822.00|26593.17|3.94
10264389|23.10|4.70|4.10|819.00|26605.51|4.06
10270197|23.00|4.70|4.10|822.00|26593.17|4.13
10276005|23.10|4.70|4.10|814.00|26626.15|4.25
10281814|23.00|4.70|4.10|819.00|26605.51|4.38
10287621|23.00|4.70|4.10|819.00|26605.51|4.50
10293430|23.00|4.70|4.10|814.00|26626.15|4.69
10299238|23.00|4.70|4.10|842.00|26511.86|4.56
10305045|22.90|4.70|4.10|878.00|26369.35|3.88
10310854|21.40|4.70|4.10|923.00|26197.72|2.88
10316661|19.50|4.70|4.20|970.00|26025.56|1.75
10322469|18.40|4.70|4.10|1012.00|25877.34|0.81
10328276|17.00|4.70|4.10|1054.00|25734.01|-0.12
10334086|16.00|4.70|4.10|1114.00|25537.08|-0.94
10339895|15.10|4.70|4.10|1156.00|25404.28|-1.94
10345703|15.00|4.70|4.10|1209.00|25242.16|-2.75
10351511|15.00|4.70|4.10|1262.00|25085.70|-3.81
10357318|14.70|4.70|4.10|1318.00|24926.07|-4.81
10363127|14.40|4.80|4.10|1370.00|24782.68|-5.75
10368934|14.00|4.80|4.10|1431.00|24619.98|-6.75
10374744|13.70|4.80|4.10|1498.00|24447.63|-7.69
10380553|13.50|4.80|4.10|1559.00|24296.06|-8.69
10386361|13.30|4.80|4.10|1618.00|24153.96|-9.69
10392168|13.00|4.80|4.10|1681.00|24006.79|-10.63
10397977|12.80|4.80|4.10|1751.00|23848.42|-11.50
10403785|12.60|4.80|4.10|1809.00|23721.02|-12.44
10409593|12.40|4.80|4.10|1876.00|23577.93|-13.19
10415401|12.20|4.80|4.10|1945.00|23434.81|-14.00
10421211|12.10|4.80|4.10|2007.00|23309.69|-14.75
10427019|11.90|4.80|4.10|2077.00|23172.12|-15.50
10432828|11.80|4.80|4.10|2154.00|23025.07|-16.19
10438635|11.60|4.80|4.10|2228.00|22887.70|-16.94
10444444|11.50|4.80|4.00|2296.00|22764.70|-17.62
10450253|11.30|4.80|4.00|2381.00|22615.01|-18.44
10456060|11.20|4.80|4.00|2449.00|22498.36|-19.12
10461870|11.00|4.80|4.00|2543.00|22341.34|-19.94
10467678|10.90|4.80|4.00|2613.00|22227.44|-20.62
10473486|10.70|4.80|4.00|2696.00|22095.54|-21.31
10479293|10.60|4.90|4.00|2785.00|21957.72|-22.00
10485102|10.50|4.80|4.00|2857.00|21848.80|-22.69
10490910|10.40|4.80|4.00|2952.00|21708.44|-23.37
10496718|10.20|4.80|4.00|3035.00|21588.78|-24.00
10502528|10.20|4.80|4.00|3124.00|21463.37|-24.69
10508336|10.10|4.80|4.00|3219.00|21332.67|-25.37
10514143|10.00|4.90|4.00|3307.00|21214.35|-25.94
10519952|9.90|4.90|4.00|3396.00|21097.25|-26.56
10525760|9.80|4.90|4.00|3496.00|20968.61|-27.19
10531568|9.70|4.90|4.00|3582.00|20860.33|-27.75
10537377|9.70|4.90|4.00|3688.00|20729.75|-28.31
10543185|9.60|4.90|4.00|3791.00|20605.73|-28.94
10548995|9.50|4.90|4.00|3877.00|20504.25|-29.44
10554805|9.40|4.90|4.00|3972.00|20394.26|-29.87
10560613|9.40|4.90|4.00|4083.00|20268.41|-30.31
10566421|9.40|4.90|4.00|4188.00|20151.88|-30.69
10572229|9.30|4.90|4.00|4305.00|20024.79|-31.12
10578036|9.30|4.90|4.00|4417.00|19905.72|-31.50
10583845|9.20|4.90|4.00|4522.00|19796.30|-31.87
10589655|9.20|4.90|4.00|4633.00|19682.84|-32.31
10595463|9.20|4.80|4.00|4758.00|19557.67|-32.63
10601270|9.20|4.80|4.00|4873.00|19444.85|-33.06
10607079|9.20|4.80|4.00|4995.00|19327.49|-33.38
10612889|9.10|4.90|4.00|5106.00|19222.71|-33.69
10618697|9.10|4.80|4.00|5239.00|19099.57|-33.94
10624504|9.10|4.80|4.00|5356.00|18993.32|-34.19
10630313|9.00|4.80|4.00|5473.00|18888.93|-34.56
10636121|9.00|4.80|3.90|5589.00|18787.20|-34.81
10641930|9.00|4.80|3.90|5720.00|18674.35|-35.13
10647737|9.00|4.80|3.90|5847.00|18566.93|-35.44
10653546|9.00|4.80|3.90|5978.00|18458.09|-35.69
10659354|9.00|4.70|3.90|6100.00|18358.45|-35.88
10665161|9.00|4.70|3.90|6242.00|18244.49|-36.13
10670970|8.90|4.70|3.90|6370.00|18143.54|-36.25
10676780|8.90|4.70|3.90|6497.00|18045.00|-36.50
10682587|8.90|4.70|3.90|6642.00|17934.38|-36.69
10688406|8.90|4.70|3.80|6777.00|17833.13|-36.88
10694215|8.90|4.70|3.80|6919.00|17728.38|-37.00
10700024|8.90|4.60|3.80|7058.00|17627.51|-37.19
10705832|8.90|4.60|3.80|7193.00|17531.08|-37.38
10711641|8.90|4.60|3.80|7349.00|17421.45|-37.50
10717449|8.90|4.50|3.80|7480.00|17330.84|-37.63
10723258|8.90|4.50|3.70|7627.00|17230.67|-37.81
10729066|8.90|4.50|3.70|7787.00|17123.41|-37.94
10734875|8.90|4.50|3.70|7921.00|17034.95|-38.06
10740683|8.80|4.40|3.70|8073.00|16936.06|-38.19
10746492|8.90|4.40|3.70|8218.00|16843.11|-38.31
10752301|8.90|4.30|3.60|8369.00|16747.73|-38.50
10758109|8.80|4.30|3.60|8519.00|16654.34|-38.63
10763918|8.80|4.30|3.60|8685.00|16552.53|-38.81
10769726|8.80|4.20|3.60|8826.00|16467.29|-39.00
10775534|8.80|4.20|3.50|8981.00|16374.83|-39.19
10781342|8.80|4.20|3.50|9150.00|16275.50|-39.44
10787150|8.80|4.10|3.50|9308.00|16183.97|-39.63
10792960|8.80|4.10|3.40|9451.00|16102.20|-39.88
10798769|8.80|4.10|3.40|9626.00|16003.49|-40.06
10804577|8.80|4.00|3.40|9798.00|15907.87|-40.19
10810386|8.80|4.00|3.30|9950.00|15824.50|-40.38
10816194|8.80|3.90|3.30|10124.00|15730.32|-40.50
10822002|8.80|3.90|3.20|10292.00|15640.62|-40.56
10827809|8.80|3.80|3.20|10461.00|15551.58|-40.69
10833618|8.80|3.80|3.20|10640.00|15458.53|-40.81
10839428|8.80|3.80|3.10|10806.00|15373.36|-40.88
10845236|8.80|3.70|3.10|10980.00|15285.22|-40.94
10851044|8.80|3.70|3.00|11153.00|15198.69|-41.00
10856853|8.80|3.60|3.00|11335.00|15108.83|-41.00
10862661|8.80|3.50|2.90|11522.00|15017.72|-41.06
10868469|8.70|3.50|2.90|11704.00|14930.18|-41.00
10874276|8.70|3.50|2.80|11892.00|14840.90|-41.00
10880086|8.70|3.40|2.80|12063.00|14760.69|-41.00
10885895|8.70|3.30|2.70|12253.00|14672.63|-41.00
10891703|8.70|3.20|2.70|12432.00|14590.68|-41.00
10897511|8.70|3.20|2.60|12625.00|14503.39|-41.06
10903319|8.70|3.20|2.60|12820.00|14416.28|-41.13
10909127|8.70|3.10|2.50|12999.00|14337.25|-41.06
10914940|8.70|3.00|2.50|13179.00|14258.67|-41.13
10920750|8.70|3.00|2.40|13375.00|14174.08|-41.13
10926558|8.70|2.90|2.40|13562.00|14094.32|-41.13
10932366|8.70|2.80|2.30|13765.00|14008.72|-41.06
10938174|8.70|2.70|2.20|13966.00|13924.97|-41.00
10943981|8.70|2.70|2.20|14144.00|13851.62|-40.94
10949790|8.70|2.60|2.10|14342.00|13770.89|-40.88
10955598|8.70|2.50|2.10|14544.00|13689.46|-40.88
10961406|8.70|2.50|2.00|14751.00|13606.96|-40.88
10967215|8.70|2.40|1.90|14954.00|13526.96|-40.81
10973024|8.70|2.30|1.90|15148.00|13451.32|-40.81
10978834|8.70|2.20|1.80|15357.00|13370.71|-40.81
10984643|8.70|2.20|1.70|15559.00|13293.64|-40.75
10990451|8.70|2.10|1.70|15754.00|13220.00|-40.81
10996259|8.70|2.00|1.60|15959.00|13143.38|-40.75
11002066|8.70|2.00|1.50|16161.00|13068.65|-40.75
11007876|8.70|1.80|1.50|16370.00|12992.13|-40.69
11013684|8.70|1.80|1.40|16577.00|12917.12|-40.69
11019492|8.70|1.70|1.30|16774.00|12846.43|-40.56
11025300|8.70|1.60|1.30|16983.00|12772.16|-40.56
11031109|8.70|1.60|1.20|17189.00|12699.69|-40.56
11036919|8.70|1.50|1.10|17389.00|12629.99|-40.56
11042727|8.70|1.40|1.10|17596.00|12558.54|-40.63
11048536|8.70|1.30|1.00|17801.00|12488.44|-40.63
11054344|8.70|1.20|0.90|18014.00|12416.29|-40.69
11060153|8.70|1.10|0.90|18235.00|12342.17|-40.75
11065961|8.70|1.00|0.80|18444.00|12272.73|-40.88
11071768|8.70|0.90|0.70|18659.00|12201.96|-41.06
11077577|8.70|0.80|0.70|18884.00|12128.61|-41.38
11083385|8.70|0.80|0.60|19110.00|12055.63|-41.75
11089193|8.70|0.70|0.50|19326.00|11986.54|-41.94
11095003|8.70|0.60|0.50|19549.00|11915.86|-42.19
11100810|8.70|0.50|0.40|19758.00|11850.21|-42.31
11106619|8.70|0.30|0.30|19997.00|11775.82|-42.50
11112427|8.70|0.30|0.20|20225.00|11705.52|-42.75
11118234|8.70|0.20|0.10|20452.00|11636.17|-43.00
11124043|8.80|0.10|0.10|20679.00|11567.43|-43.31
11129851|8.80|0.00|0.00|20912.00|11497.51|-43.63
11135660|8.80|0.00|-0.10|21144.00|11428.52|-43.81
11141468|8.80|-3276.70|-0.10|21385.00|11357.49|-44.00
11147277|8.80|-3276.60|-0.20|21613.00|11290.89|-44.13
11153087|8.80|-3276.50|-0.30|21851.00|11221.97|-44.19
11158895|8.90|-3276.30|-0.40|22089.00|11153.66|-44.25
11164704|8.90|-3276.20|-0.50|22315.00|11089.34|-44.25
11170512|8.90|-3276.10|-0.50|22552.00|11022.46|-44.19
11176321|8.90|-3276.00|-0.60|22799.00|10953.35|-44.19
11182130|9.00|-3275.90|-0.70|23024.00|10890.93|-44.19
11187938|9.00|-3275.80|-0.80|23270.00|10823.24|-44.13
11193747|9.00|-3275.70|-0.90|23499.00|10760.75|-44.00
11199555|9.00|-3275.60|-1.00|23730.00|10698.22|-43.88
11205365|9.10|-3275.50|-1.00|23969.00|10634.03|-43.69
11211174|9.10|-3275.30|-1.10|24214.00|10568.76|-43.50
11216984|9.10|-3275.20|-1.20|24468.00|10501.67|-43.25
11222793|9.10|-3275.10|-1.30|24706.00|10439.30|-43.00
11228601|9.20|-3275.00|-1.30|24948.00|10376.39|-42.69
11234410|9.20|-3274.90|-1.40|25188.00|10314.48|-42.38
11240218|9.20|-3274.70|-1.50|25422.00|10254.58|-42.00
11246027|9.30|-3274.60|-1.60|25671.00|10191.33|-41.69
11251835|9.30|-3274.50|-1.70|25905.00|10132.34|-41.25
11257645|9.40|-3274.40|-1.80|26147.00|10071.78|-40.88
11263455|9.40|-3274.20|-1.80|26391.00|10011.18|-40.44
11269263|9.50|-3274.10|-1.90|26639.00|9950.05|-40.06
11275071|9.50|-3274.00|-2.00|26881.00|9890.85|-39.63
11280880|9.60|-3273.90|-2.10|27120.00|9832.80|-39.19
11286688|9.60|-3273.70|-2.20|27373.00|9771.80|-38.81
11292496|9.70|-3273.60|-2.30|27626.00|9711.25|-38.38
11298306|9.70|-3273.50|-2.40|27864.00|9654.70|-37.94
11304114|9.70|-3273.40|-2.40|28113.00|9595.95|-37.50
11309922|9.80|-3273.30|-2.50|28363.00|9537.39|-37.13
11315732|9.80|-3273.10|-2.60|28615.00|9478.79|-36.69
11321541|9.90|-3273.10|-2.70|28864.00|9421.29|-36.25
11327349|9.90|-3272.90|-2.80|29121.00|9362.36|-35.88
11333158|10.00|-3272.80|-2.90|29369.00|9305.90|-35.44
11338967|10.00|-3272.70|-3.00|29621.00|9248.91|-35.00
11344775|10.00|-3272.60|-3.00|29880.00|9190.76|-34.63
11350584|10.10|-3272.40|-3.20|30136.00|9133.67|-34.19
11356392|10.20|-3272.30|-3.20|30377.00|9080.29|-33.75
11362201|10.20|-3272.20|-3.30|30646.00|9021.11|-33.38
11368009|10.30|-3272.10|-3.40|30885.00|8968.88|-33.00
11373819|10.40|-3272.00|-3.50|31132.00|8915.25|-32.63
11379629|10.50|-3271.90|-3.50|31386.00|8860.45|-32.25
11385437|10.70|-3271.70|-3.60|31621.00|8810.08|-31.87
11391246|11.00|-3271.60|-3.70|31884.00|8754.05|-31.50
11397054|11.20|-3271.60|-3.80|32135.00|8700.94|-31.12
11402863|11.40|-3271.40|-3.90|32392.00|8646.90|-30.75
11408671|11.60|-3271.30|-4.00|32636.00|8595.91|-30.31
11414480|11.80|-3271.20|-4.00|32890.00|8543.16|-29.94
11420289|12.00|-3271.10|-4.10|33149.00|8489.71|-29.50
11426099|12.20|-3271.00|-4.20|33390.00|8440.28|-29.06
11431907|12.30|-3270.90|-4.30|33639.00|8389.51|-28.62
11437716|12.40|-3270.80|-4.30|33874.00|8341.87|-28.25
11443525|12.40|-3270.70|-4.40|34120.00|8292.29|-27.81
11449333|12.50|-3270.60|-4.50|34369.00|8242.40|-27.44
11455142|12.60|-3270.60|-4.50|34608.00|8194.78|-27.00
11460951|12.70|-3270.40|-4.60|34875.00|8141.90|-26.62
11466760|12.80|-3270.40|-4.70|35119.00|8093.87|-26.25
11472568|13.00|-3270.20|-4.80|35391.00|8040.64|-25.87
11478378|13.10|-3270.20|-4.80|35662.00|7987.93|-25.50
11484186|13.30|-3270.10|-4.90|35920.00|7938.05|-25.12
11489994|13.60|-3270.00|-5.00|36173.00|7889.42|-24.75
11495803|13.70|-3270.00|-5.10|36433.00|7839.73|-24.37
11501612|13.70|-3269.90|-5.10|36686.00|7791.65|-24.06
11507421|13.60|-3269.80|-5.20|36952.00|7741.39|-23.69
11513229|13.50|-3269.70|-5.20|37208.00|7693.29|-23.37
11519038|13.50|-3269.60|-5.30|37465.00|7645.28|-23.00
11524846|13.60|-3269.60|-5.40|37714.00|7599.01|-22.69
11530656|13.70|-3269.50|-5.40|37960.00|7553.55|-22.31
11536464|13.80|-3269.40|-5.40|38183.00|7512.54|-21.94
11542274|13.90|-3269.30|-5.50|38399.00|7473.00|-21.56
11548083|14.00|-3269.30|-5.60|38666.00|7424.37|-21.25
11553892|14.10|-3269.20|-5.60|38959.00|7371.33|-20.94
11559700|14.30|-3269.20|-5.70|39244.00|7320.04|-20.62
11565508|14.50|-3269.10|-5.70|39544.00|7266.37|-20.25
11571317|14.70|-3269.10|-5.80|39820.00|7217.29|-19.87
11577126|14.80|-3269.00|-5.80|40126.00|7163.20|-19.50
11582936|14.90|-3269.00|-5.90|40412.00|7112.94|-19.12
11588745|14.90|-3268.90|-5.90|40688.00|7064.71|-18.69
11594554|14.90|-3268.80|-6.00|41002.00|7010.16|-18.31
11600362|14.80|-3268.80|-6.00|41281.00|6961.98|-17.94
11606170|14.60|-3268.70|-6.10|41595.00|6908.06|-17.50
11611979|14.50|-3268.70|-6.10|41896.00|6856.69|-17.06
11617787|14.40|-3268.60|-6.10|42177.00|6809.00|-16.69
11623597|14.30|-3268.60|-6.20|42482.00|6757.52|-16.25
11629405|14.20|-3268.50|-6.20|42789.00|6706.01|-15.88
11635214|14.20|-3268.50|-6.20|43089.00|6655.96|-15.50
11641024|14.10|-3268.40|-6.30|43380.00|6607.68|-15.06
11646832|14.10|-3268.40|-6.30|43701.00|6554.73|-14.75
11652640|14.00|-3268.40|-6.30|44014.00|6503.40|-14.38
11658449|14.00|-3268.30|-6.40|44336.00|6450.91|-14.00
11664258|14.10|-3268.30|-6.40|44636.00|6402.27|-13.63
11670067|14.10|-3268.30|-6.40|44962.00|6349.72|-13.25
11675875|14.10|-3268.20|-6.40|45262.00|6301.64|-12.94
11681684|14.10|-3268.20|-6.50|45594.00|6248.72|-12.56
11687492|14.20|-3268.10|-6.50|45911.00|6198.48|-12.19
11693302|14.20|-3268.10|-6.50|46249.00|6145.23|-11.81
11699111|14.30|-3268.10|-6.50|46575.00|6094.16|-11.44
11704920|14.30|-3268.10|-6.60|46878.00|6046.96|-11.13
11710729|14.40|-3268.10|-6.60|47207.00|5995.98|-10.75
11716537|14.40|-3268.10|-6.60|47518.00|5948.06|-10.44
11722345|14.50|-3268.10|-6.60|47861.00|5895.50|-10.06
11728154|14.60|-3268.00|-6.60|48196.00|5844.46|-9.75
11733962|14.70|-3268.00|-6.60|48519.00|5795.52|-9.38
11739770|14.80|-3268.00|-6.60|48859.00|5744.28|-9.00
11745584|15.00|-3268.00|-6.70|49178.00|5696.48|-8.69
11751394|15.10|-3268.00|-6.70|49527.00|5644.46|-8.38
11757203|15.30|-3268.00|-6.70|49844.00|5597.47|-8.06
11763012|15.40|-3268.00|-6.70|50195.00|5545.72|-7.75
11768820|15.60|-3268.00|-6.70|50528.00|5496.90|-7.44
11774629|15.80|-3268.00|-6.70|50849.00|5450.08|-7.06
11780438|15.80|-3268.00|-6.70|51185.00|5401.33|-6.88
11786247|15.90|-3268.00|-6.70|51512.00|5354.13|-6.56
11792055|16.10|-3268.00|-6.70|51859.00|5304.31|-6.25
11797864|16.20|-3268.00|-6.70|52194.00|5256.47|-6.00
11803677|16.40|-3268.10|-6.70|52512.00|5211.29|-5.75
11809486|16.40|-3268.10|-6.70|52860.00|5162.09|-5.44
11815294|16.50|-3268.10|-6.70|53199.00|5114.42|-5.13
11821104|16.50|-3268.10|-6.70|53512.00|5070.63|-4.81
11826912|16.50|-3268.10|-6.70|53848.00|5023.84|-4.50
11832720|16.60|-3268.10|-6.70|54185.00|4977.16|-4.19
11838529|16.70|-3268.10|-6.70|54506.00|4932.91|-3.81
11844337|16.70|-3268.10|-6.70|54845.00|4886.40|-3.56
11850146|16.80|-3268.20|-6.70|55176.00|4841.22|-3.38
11855954|17.10|-3268.20|-6.60|55491.00|4798.42|-3.13
11861765|17.60|-3268.20|-6.60|55834.00|4752.05|-2.94
11867573|18.20|-3268.20|-6.60|56149.00|4709.66|-2.69
11873382|18.90|-3268.30|-6.60|56472.00|4666.39|-2.50
11879191|19.70|-3268.30|-6.60|56788.00|4624.26|-2.25
11884999|20.40|-3268.30|-6.60|57128.00|4579.14|-2.00
11890808|21.30|-3268.40|-6.60|57460.00|4535.29|-1.81
11896616|22.50|-3268.40|-6.50|57780.00|4493.22|-1.56
11902426|23.90|-3268.40|-6.50|58094.00|4452.11|-1.25
11908234|25.40|-3268.50|-6.50|58427.00|4408.73|-1.06
11914044|26.80|-3268.50|-6.50|58748.00|4367.08|-0.88
11919852|28.30|-3268.60|-6.50|59075.00|4324.86|-0.63
11925661|29.80|-3268.60|-6.40|59393.00|4283.97|-0.37
11931469|31.30|-3268.70|-6.40|59733.00|4240.46|-0.12
11937278|32.70|-3268.70|-6.40|60063.00|4198.41|0.12
11943088|34.00|-3268.70|-6.40|60395.00|4156.30|0.37
11948896|35.30|-3268.80|-6.30|60716.00|4115.76|0.56
11954704|36.30|-3268.80|-6.30|61043.00|4074.64|0.81
11960513|37.20|-3268.90|-6.30|61358.00|4035.20|1.00
11966321|38.00|-3268.90|-6.20|61682.00|3994.80|1.31
11972131|38.80|-3269.00|-6.20|62017.00|3953.21|1.56
11977940|39.50|-3269.10|-6.20|62334.00|3914.02|1.81
11983749|39.90|-3269.10|-6.10|62657.00|3874.26|2.06
11989558|40.10|-3269.10|-6.10|62988.00|3833.68|2.31
11995366|40.10|-3269.20|-6.10|63316.00|3793.64|2.56
12001174|40.10|-3269.20|-6.00|63634.00|3754.99|2.81
12006983|40.00|-3269.30|-6.00|63968.00|3714.55|3.06
12012792|39.80|-3269.40|-6.00|64293.00|3675.37|3.38
12018601|39.70|-3269.40|-5.90|64628.00|3635.15|3.63
12024412|39.60|-3269.50|-5.90|64962.00|3595.22|3.94
12030220|39.60|-3269.60|-5.80|65299.00|3555.10|4.19
12036029|39.70|-3269.60|-5.80|65630.00|3515.85|4.44
12041837|39.90|-3269.60|-5.80|65961.00|3476.76|4.69
12047646|40.20|-3269.70|-5.70|66296.00|3437.37|5.00
12053454|40.80|-3269.70|-5.60|66623.00|3399.07|5.31
12059264|41.20|-3269.80|-5.60|66956.00|3360.22|5.56
12065072|40.90|-3269.80|-5.60|67288.00|3321.65|5.81
12070881|40.60|-3269.90|-5.50|67615.00|3283.80|6.06
12076689|40.80|-3269.90|-5.50|67951.00|3245.07|6.19
12082498|41.50|-3270.00|-5.40|68302.00|3204.78|6.44
12088307|42.60|-3270.10|-5.40|68634.00|3166.82|6.63
12094116|43.80|-3270.10|-5.30|68970.00|3128.55|6.81
12099924|45.00|-3270.10|-5.30|69297.00|3091.46|6.94
12105733|45.80|-3270.20|-5.20|69641.00|3052.58|7.13
12111542|45.90|-3270.30|-5.20|69975.00|3014.99|7.38
12117350|45.70|-3270.40|-5.10|70301.00|2978.44|7.56
12123159|45.20|-3270.50|-5.10|70633.00|2941.35|7.75
12128967|44.70|-3270.50|-5.10|70959.00|2905.07|7.94
12134776|44.20|-3270.60|-5.00|71283.00|2869.15|8.06
12140584|43.90|-3270.60|-5.00|71592.00|2835.01|8.19
12146394|43.80|-3270.70|-4.90|71908.00|2800.23|8.19
12152203|44.00|-3270.80|-4.90|72242.00|2763.59|8.13
12158011|44.70|-3270.80|-4.80|72583.00|2726.33|8.00
12163820|45.60|-3270.90|-4.70|72947.00|2686.72|7.88
12169628|46.90|-3271.00|-4.70|73295.00|2648.99|7.75
12175437|48.50|-3271.10|-4.70|73592.00|2616.91|7.63
12181246|50.70|-3271.10|-4.60|73871.00|2586.86|7.69
12187055|52.90|-3271.20|-4.60|74165.00|2555.31|7.75
12192865|54.90|-3271.30|-4.50|74473.00|2522.35|7.75
12198674|56.60|-3271.30|-4.50|74820.00|2485.36|7.88
12204483|58.10|-3271.40|-4.40|75197.00|2445.32|8.00
12210291|59.50|-3271.40|-4.40|75582.00|2404.61|8.13
12216100|61.10|-3271.60|-4.30|75949.00|2365.95|8.38
12221908|62.40|-3271.60|-4.30|76315.00|2327.55|8.63
12227718|63.50|-3271.70|-4.20|76675.00|2289.92|8.81
12233526|64.60|-3271.70|-4.10|77068.00|2249.01|9.13
12239335|65.50|-3271.80|-4.10|77463.00|2208.06|9.38
12245144|66.40|-3271.90|-4.00|77922.00|2160.68|9.63
12250953|67.10|-3272.00|-4.00|78390.00|2112.61|9.94
12256762|67.90|-3272.10|-4.00|78814.00|2069.26|10.25
12262572|68.60|-3272.10|-3.90|79157.00|2034.32|10.63
12268381|69.30|-3272.20|-3.80|79512.00|1998.30|10.94
12274190|70.10|-3272.30|-3.80|79894.00|1959.68|11.25
12279998|70.70|-3272.30|-3.70|80255.00|1923.32|11.63
12285807|71.30|-3272.40|-3.70|80647.00|1883.99|11.94
12291616|71.90|-3272.50|-3.60|81094.00|1839.32|12.31
12297424|72.40|-3272.60|-3.60|81486.00|1800.32|12.63
12303234|72.90|-3272.60|-3.50|81850.00|1764.24|13.06
12309044|73.50|-3272.70|-3.40|82271.00|1722.67|13.44
12314853|74.00|-3272.80|-3.40|82732.00|1677.34|13.75
12320661|74.50|-3272.90|-3.30|83133.00|1638.09|14.13
12326470|75.00|-3273.00|-3.30|83510.00|1601.32|14.50
12332279|75.50|-3273.10|-3.20|83881.00|1565.27|14.88
12338088|75.90|-3273.10|-3.20|84271.00|1527.50|15.25
12343896|76.20|-3273.20|-3.10|84697.00|1486.42|15.63
12349705|76.40|-3273.30|-3.00|85154.00|1442.53|16.00
12355514|76.60|-3273.40|-3.00|85624.00|1397.59|16.37
12361324|76.80|-3273.40|-2.90|86110.00|1351.33|16.75
12367133|77.00|-3273.60|-2.90|86569.00|1307.84|17.19
12372941|77.30|-3273.60|-2.80|87014.00|1265.85|17.50
12378750|77.50|-3273.70|-2.70|87442.00|1225.63|17.94
12384560|77.90|-3273.80|-2.70|87879.00|1184.72|18.31
12390369|78.10|-3273.90|-2.60|88314.00|1144.17|18.75
12396178|78.30|-3274.00|-2.60|88720.00|1106.47|19.19
12401986|78.50|-3274.10|-2.50|89144.00|1067.24|19.56
12407795|78.60|-3274.10|-2.40|89579.00|1027.15|20.00
12413604|78.80|-3274.20|-2.40|90018.00|986.85|20.44
12419415|78.80|-3274.30|-2.30|90388.00|953.01|20.75
12425224|78.90|-3274.40|-2.20|90750.00|920.01|21.19
12431032|79.00|-3274.50|-2.20|91114.00|886.94|21.50
12436841|78.80|-3274.60|-2.10|91524.00|849.81|21.87
12442649|78.70|-3274.60|-2.00|91948.00|811.56|22.25
12448458|78.70|-3274.70|-2.00|92337.00|776.59|22.62
12454266|78.90|-3274.80|-1.90|92723.00|742.00|23.00
12460076|79.10|-3274.90|-1.80|93081.00|710.03|23.44
12465884|79.40|-3275.00|-1.80|93456.00|676.65|23.81
12471694|79.70|-3275.10|-1.70|93779.00|647.98|24.31
12477503|80.00|-3275.20|-1.60|94038.00|625.06|24.81
12483312|80.30|-3275.30|-1.50|94272.00|604.38|25.25
12489120|80.30|-3275.40|-1.50|94548.00|580.06|25.75
