millis|gX|gY|gZ|aX|aY|aZ|UVIndex
17|0.00|0.00|0.00|1.11|0.10|0.04|2.49
5031|3.82|4.29|3.18|1.09|0.10|0.02|2.44
10046|11.31|2.65|-0.41|1.11|0.05|0.02|2.44
15059|3.81|3.81|2.60|1.11|0.10|0.04|2.44
20074|3.98|3.87|1.61|1.10|0.12|0.05|2.44
25089|3.86|5.19|3.31|1.13|0.10|0.05|2.39
30103|3.89|4.08|1.90|1.11|0.09|0.03|2.10
35118|4.11|7.08|4.16|1.07|0.10|0.01|2.15
40131|3.47|4.24|4.06|1.08|0.05|-0.01|2.00
45146|3.84|2.85|2.13|1.15|0.08|0.06|1.96
50160|4.32|3.50|-1.70|1.12|0.10|0.04|1.96
55175|3.65|2.95|-3.70|1.10|0.10|0.05|2.05
60190|3.80|3.84|2.02|1.11|0.09|0.04|2.30
65205|4.11|3.02|0.61|1.12|0.08|0.04|2.39
70218|4.39|4.57|3.53|1.07|0.13|0.03|2.39
75233|3.82|4.01|1.98|1.12|0.09|0.05|2.44
80247|3.86|4.15|1.54|1.11|0.09|0.04|2.49
85262|3.99|4.47|1.49|1.12|0.10|0.05|2.35
90275|3.87|3.60|1.37|1.12|0.10|0.06|2.59
95290|4.26|3.00|-0.19|1.09|0.09|0.05|2.59
100304|4.63|3.85|-1.37|1.16|0.08|0.07|2.54
105319|3.94|4.95|2.14|1.08|0.12|0.03|2.64
110333|4.04|6.55|4.18|1.03|0.12|0.04|2.15
115348|16.67|4.79|2.87|1.12|0.05|0.01|2.39
120364|3.83|3.47|0.90|1.09|0.10|0.04|2.54
125377|3.67|4.13|-0.33|1.13|0.11|0.07|2.54
130392|3.88|3.10|0.07|1.11|0.08|0.05|2.54
135406|3.72|3.79|2.07|1.11|0.10|0.05|2.54
140421|4.04|3.63|1.11|1.11|0.10|0.05|2.44
145435|4.06|4.36|1.81|1.13|0.10|0.04|2.49
150450|4.04|1.97|1.25|1.07|0.13|0.05|2.44
155463|3.89|3.66|1.82|1.16|0.10|0.07|2.44
160478|10.70|3.41|-1.38|1.00|0.13|-0.02|2.49
165492|4.03|3.60|0.44|1.10|0.10|0.04|2.35
170507|4.10|3.96|0.91|1.11|0.10|0.04|2.25
175522|3.69|4.85|2.40|1.13|0.10|0.04|2.20
180537|4.01|3.37|1.77|1.07|0.06|0.07|1.91
185551|4.05|3.82|2.15|1.11|0.10|0.04|1.81
190566|1.18|2.97|-3.70|1.09|0.11|0.06|2.15
195579|4.02|3.82|0.87|1.10|0.11|0.04|2.49
200594|3.76|4.07|1.50|1.11|0.10|0.05|2.49
205608|3.77|3.88|1.71|1.11|0.10|0.04|2.54
210623|3.27|1.05|10.08|1.12|0.11|0.09|2.49
215638|3.92|5.20|1.44|1.11|0.10|0.04|2.49
220652|4.19|3.95|1.99|1.11|0.10|0.05|2.49
225666|3.81|3.21|-0.12|1.11|0.10|0.04|2.20
230680|3.95|3.83|1.27|1.11|0.10|0.04|2.20
235696|4.09|4.39|0.37|1.10|0.12|0.04|2.00
240710|3.97|3.89|1.12|1.12|0.10|0.04|2.15
245725|4.61|-6.48|-4.05|1.11|0.06|0.03|0.98
250739|3.93|3.72|1.06|1.11|0.09|0.04|0.83
255754|3.79|4.44|5.32|1.11|0.09|0.03|1.17
260767|4.11|3.56|0.01|1.11|0.10|0.05|1.66
265782|3.95|3.79|1.49|1.12|0.09|0.04|0.88
270796|3.76|1.59|0.66|1.11|0.09|0.05|0.59
275811|4.37|3.50|0.69|1.11|0.11|0.02|0.88
280825|3.84|2.19|1.82|1.18|0.05|0.06|1.27
285840|3.85|4.20|2.34|1.12|0.10|0.05|1.17
290853|3.74|3.40|1.27|1.12|0.10|0.05|1.96
295874|3.88|3.88|1.83|1.12|0.08|0.04|1.66
300890|-13.81|3.86|1.48|1.10|0.08|0.04|1.71
305904|3.98|3.91|2.02|1.11|0.09|0.04|1.91
310920|-11.65|2.05|1.25|1.05|0.09|0.02|1.81
315935|4.49|3.45|-3.08|1.13|0.08|0.07|1.91
320951|3.95|4.74|1.21|1.11|0.10|0.03|1.56
325965|0.79|2.52|-3.98|0.99|0.09|-0.01|1.12
330981|4.37|4.08|0.40|1.12|0.10|0.05|2.15
335996|3.88|4.07|3.91|1.16|0.09|0.07|2.15
341011|4.39|2.81|-0.21|1.10|0.09|0.05|2.10
346027|3.87|3.42|0.77|1.11|0.09|0.04|2.35
351042|3.84|3.83|1.61|1.11|0.10|0.05|2.35
356059|3.96|4.63|2.55|1.08|0.10|0.03|2.35
361073|4.07|14.18|5.21|1.14|0.06|0.02|2.15
366089|4.14|3.92|1.69|1.11|0.10|0.04|1.71
371104|3.78|3.73|2.50|1.12|0.09|0.05|1.08
376120|17.95|-6.15|-0.09|1.18|0.02|-0.09|1.32
381134|3.89|2.95|-0.13|1.13|0.08|0.05|1.12
386150|3.69|3.65|0.74|1.12|0.09|0.05|0.68
391165|3.81|3.52|1.66|1.12|0.08|0.04|0.54
396181|3.92|3.16|1.44|1.11|0.09|0.04|0.15
401196|4.02|7.11|2.53|1.09|0.10|0.02|0.10
406211|4.38|3.92|1.44|1.11|0.08|0.04|0.10
411227|3.93|3.36|1.16|1.12|0.09|0.03|0.10
416243|3.95|3.92|0.90|1.10|0.08|0.02|0.10
421258|4.03|3.83|1.75|1.11|0.09|0.03|0.10
426273|4.01|3.40|1.24|1.12|0.09|0.04|0.05
431289|3.89|3.63|1.40|1.11|0.08|0.03|0.10
436304|5.89|24.26|3.93|1.27|0.04|0.14|2.49
441319|3.73|3.72|1.55|1.11|0.09|0.04|2.15
446334|3.98|3.87|1.34|1.11|0.10|0.04|2.39
451350|3.85|4.75|3.92|1.11|0.10|0.04|2.44
456365|3.95|3.98|1.71|1.11|0.10|0.04|2.44
461380|3.69|4.16|3.00|1.12|0.10|0.05|2.44
466396|3.97|3.92|1.50|1.11|0.10|0.04|2.54
471411|4.15|3.85|1.21|1.11|0.11|0.06|2.54
476428|3.89|4.01|1.85|1.11|0.10|0.05|2.54
481442|-4.09|4.35|1.40|1.10|0.09|0.05|2.49
486458|3.90|4.40|1.81|1.12|0.09|0.06|2.44
491473|3.77|3.82|1.66|1.11|0.10|0.06|2.59
496489|4.20|1.25|1.89|1.10|0.09|0.02|2.54
501504|6.19|-7.34|2.19|1.15|0.08|0.03|2.54
506519|1.33|4.52|12.78|1.12|0.08|0.02|2.49
511535|3.85|5.73|5.40|1.06|0.13|0.04|2.54
516549|4.16|2.96|1.23|1.09|0.11|0.06|2.64
521565|3.56|1.84|-0.69|1.11|0.08|0.08|2.54
526580|11.07|3.72|2.64|1.15|-0.10|-0.06|2.54
531597|3.69|3.53|1.10|1.10|0.09|0.07|2.54
536612|-0.26|2.06|-0.84|1.13|0.09|0.05|2.54
541628|4.24|5.21|3.50|1.12|0.10|0.08|2.54
546642|3.91|1.79|-5.13|1.14|0.08|0.04|2.59
551658|3.49|5.46|1.39|1.11|0.10|0.08|2.69
556674|2.54|3.02|0.70|1.13|0.11|0.07|2.64
561688|3.94|3.89|1.75|1.10|0.10|0.05|2.79
566704|4.08|3.79|1.44|1.09|0.10|0.05|2.88
571719|5.77|6.81|3.55|1.11|0.09|0.05|2.83
576735|4.42|4.18|0.63|1.11|0.08|0.05|2.93
581749|3.38|3.98|1.73|1.10|0.09|0.07|2.74
586765|2.37|7.90|-1.24|1.07|0.35|0.01|2.88
591781|-0.75|3.56|-2.86|1.09|0.27|0.03|3.13
596797|-4.94|-1.73|4.45|1.03|0.33|0.09|3.08
601812|23.34|11.47|-3.02|1.05|0.20|-0.15|2.93
606827|7.79|-0.15|-1.82|1.09|0.10|0.08|2.54
611843|4.00|3.97|1.40|1.11|0.09|0.05|2.49
616858|3.79|3.62|1.50|1.10|0.10|0.06|2.49
621874|4.12|4.31|1.31|1.11|0.08|0.05|2.54
626888|4.06|3.91|1.27|1.11|0.09|0.05|2.54
631904|3.67|3.80|1.37|1.11|0.10|0.04|2.54
636919|4.17|3.60|0.50|1.01|0.10|0.05|2.49
641935|4.47|4.12|1.56|1.11|0.10|0.07|2.35
646949|3.89|4.59|1.68|1.11|0.09|0.05|2.35
651966|3.95|3.63|1.37|1.11|0.09|0.04|2.44
656982|4.05|3.31|1.73|1.11|0.08|0.04|2.44
661997|3.89|3.83|1.57|1.11|0.09|0.05|2.39
667012|4.19|3.92|1.54|1.11|0.09|0.04|2.49
672027|4.18|4.35|1.80|1.13|0.07|0.06|2.44
677043|3.58|0.36|1.32|1.11|0.09|0.04|2.39
682058|4.89|3.84|2.39|1.10|0.10|0.05|2.39
687073|4.46|3.11|0.94|1.06|0.12|0.02|2.20
692088|4.27|1.92|0.61|1.13|0.10|0.07|2.30
697104|3.93|4.35|2.28|1.10|0.12|0.06|2.35
702119|4.15|3.88|1.34|1.11|0.09|0.05|2.20
707134|4.41|3.02|1.38|1.11|0.08|0.04|2.30
712151|3.92|4.49|2.02|1.11|0.09|0.05|2.25
717166|4.14|1.29|1.59|1.10|0.09|0.04|2.30
722182|4.24|-2.07|-0.47|1.21|-0.00|0.13|2.25
727196|3.46|13.47|-2.47|1.16|0.13|-0.04|2.30
732212|3.89|4.42|1.96|1.12|0.08|0.06|2.25
737227|3.91|3.95|1.59|1.11|0.09|0.05|2.25
742243|4.24|4.66|1.37|1.11|0.09|0.04|2.20
747257|3.92|3.89|1.47|1.11|0.08|0.05|2.15
752273|3.88|3.81|1.64|1.12|0.08|0.05|2.25
757288|4.07|4.05|1.63|1.11|0.09|0.04|2.25
762304|3.82|3.95|1.83|1.11|0.08|0.04|2.20
767321|4.26|3.69|1.60|1.11|0.09|0.04|2.10
772335|4.18|6.23|2.69|1.10|0.09|0.03|2.00
777351|3.86|4.00|1.69|1.11|0.08|0.05|2.05
782366|3.87|4.04|1.44|1.12|0.09|0.05|2.05
787381|4.16|2.37|0.77|1.12|0.08|0.05|2.00
792401|3.81|4.09|1.33|1.11|0.09|0.06|2.10
797417|4.00|4.46|1.69|1.10|0.09|0.04|2.15
802433|4.08|3.98|1.43|1.10|0.09|0.05|2.05
807447|4.08|3.56|1.40|1.11|0.09|0.06|2.25
812463|4.04|4.11|1.40|1.11|0.09|0.05|2.10
817478|4.93|3.90|1.44|1.11|0.09|0.06|2.00
822494|3.76|3.68|1.31|1.10|0.09|0.06|2.15
827510|3.95|4.20|1.50|1.11|0.09|0.05|2.10
832526|4.08|4.11|1.57|1.11|0.10|0.04|2.05
837540|4.05|2.94|1.39|1.10|0.10|0.04|2.10
842556|3.85|4.26|1.79|1.11|0.09|0.05|2.20
847571|4.39|4.53|1.69|1.09|0.12|0.05|2.39
852587|4.05|3.73|1.34|1.12|0.09|0.07|2.25
857603|3.90|4.64|1.73|1.10|0.09|0.04|2.35
862617|4.07|6.85|1.81|1.14|0.07|0.06|2.83
867633|4.11|4.24|1.48|1.11|0.09|0.05|7.53
872648|4.08|3.90|1.50|1.11|0.09|0.05|7.67
877664|4.05|2.60|1.10|1.12|0.09|0.05|7.67
882679|4.20|4.48|1.58|1.11|0.09|0.05|7.67
887696|4.11|4.21|1.53|1.10|0.09|0.05|7.62
892710|-9.15|20.66|6.53|1.11|0.09|0.00|8.50
897726|17.03|4.95|-3.21|1.09|0.08|0.01|2.64
902742|-40.50|-1.49|12.14|1.16|0.09|0.01|1.71
907757|17.95|4.78|2.18|1.14|0.08|0.01|2.10
912773|19.08|8.40|2.36|1.24|0.08|0.01|1.76
917788|28.28|6.19|-2.70|1.16|0.07|-0.02|1.96
922804|-50.75|9.50|-1.84|1.13|0.11|0.07|0.59
927819|-9.34|-2.63|-2.89|1.07|0.08|-0.03|0.59
932834|-0.75|2.79|1.11|1.08|0.07|-0.06|0.49
937849|4.99|7.37|1.32|1.08|0.09|-0.12|1.56
942865|-12.74|-11.81|-17.28|1.06|0.05|0.07|1.96
947881|5.53|14.21|-8.92|0.98|-0.22|0.08|0.98
952897|103.22|7.98|9.14|1.28|-0.02|-0.17|1.32
957913|3.15|9.56|0.49|1.14|-0.00|-0.01|6.16
962928|-1.98|-5.53|-9.61|1.09|0.02|0.13|1.66
967944|39.47|4.85|-7.77|0.98|-0.01|0.00|2.05
972959|-22.47|-10.13|-5.15|1.11|0.05|0.02|2.69
977975|6.66|1.16|-5.11|1.10|-0.02|0.14|1.91
982990|-4.90|7.96|9.41|1.09|-0.12|-0.11|2.98
988006|16.05|2.79|7.05|1.12|-0.00|0.03|1.91
993021|8.69|2.87|-0.80|1.13|0.06|-0.02|5.23
998036|-6.60|5.64|-12.48|1.07|0.05|-0.04|9.24
1003054|13.44|5.87|0.44|1.12|0.07|0.01|4.35
1008068|4.74|18.33|-2.68|1.13|0.08|-0.00|15.15
1013084|-4.08|-0.54|-0.02|1.11|-0.02|0.01|18.77
1018099|0.59|12.21|0.97|1.03|-0.02|-0.05|17.25
1023115|-0.44|1.39|10.88|1.07|-0.21|-0.06|1.61
1028130|3.79|5.58|2.42|1.08|-0.15|-0.03|0.24
1033146|6.06|2.98|1.27|1.10|-0.11|0.06|0.15
1038161|3.18|1.92|-3.98|1.07|-0.06|-0.02|0.10
1043177|2.24|6.27|-5.89|1.09|0.07|-0.04|10.90
1048193|-6.37|4.85|-3.02|1.14|0.05|0.06|12.41
1053208|1.12|4.99|7.33|1.12|0.05|0.06|3.91
1058225|9.68|-8.49|-4.53|1.13|-0.01|0.16|1.52
1063240|-8.73|-1.29|6.79|1.07|0.15|0.03|3.03
1068256|7.21|2.38|-17.09|1.14|0.07|0.04|15.79
1073271|30.19|12.41|3.21|0.95|0.07|0.00|21.65
1078287|2.63|3.02|1.19|1.19|0.08|0.03|4.15
1083302|10.19|1.82|0.86|1.11|0.08|0.03|17.74
1088317|-56.74|1.99|-5.39|1.12|0.06|-0.02|20.23
1093334|5.36|0.90|2.98|1.02|0.08|0.06|19.65
1098348|20.85|3.95|2.15|1.06|0.08|0.08|16.37
1103364|24.88|0.79|1.47|1.14|0.09|0.11|17.64
1108379|-4.92|-1.66|3.16|1.13|0.07|0.07|3.86
1113396|-76.73|6.35|1.34|1.13|0.07|0.02|11.39
1118411|-4.06|6.02|-1.05|1.13|0.06|-0.02|3.71
1123427|-43.11|5.47|1.34|1.10|0.07|-0.04|3.52
1128442|10.65|6.60|2.52|1.09|0.10|0.01|14.61
1133458|19.74|5.24|3.63|1.12|0.07|0.00|4.30
1138473|26.41|6.59|1.41|1.07|0.07|-0.00|5.13
1143489|17.40|4.47|3.22|1.13|0.08|0.01|3.76
1148505|74.32|9.21|7.71|1.10|0.07|0.02|18.77
1153520|27.10|6.73|3.11|1.05|0.07|-0.03|4.06
1158535|-37.56|4.02|0.33|1.06|0.08|-0.00|9.04
1163550|4.22|2.99|1.47|1.14|0.08|0.01|3.76
1168567|11.98|6.24|2.76|1.16|0.07|-0.02|3.71
1173583|-39.44|2.21|-0.30|1.09|0.08|-0.00|3.86
1178599|-36.05|5.67|-1.03|1.13|0.06|0.00|13.69
1183614|-8.02|-2.17|6.97|1.14|0.08|0.05|4.45
1188630|-10.75|7.32|3.89|1.09|0.08|0.04|4.01
1193645|9.63|1.38|-0.77|1.13|0.07|0.04|4.01
1198660|22.63|4.06|2.99|1.07|0.08|0.02|3.81
1203676|30.80|8.02|5.05|1.14|0.08|0.01|3.81
1208691|-32.75|-1.44|0.96|1.13|0.07|0.08|3.96
1213707|-12.07|2.95|1.60|1.06|0.07|0.05|23.17
1218722|-33.01|1.95|0.61|1.14|0.06|0.07|17.40
1223743|6.30|4.27|-0.64|1.09|0.07|0.05|4.40
1228759|19.21|4.89|2.01|1.09|0.07|0.05|3.96
1233774|15.70|2.36|-1.76|1.11|0.07|0.07|3.91
1238790|26.58|3.56|2.87|1.09|0.07|0.07|3.96
1243804|-16.06|2.72|1.65|1.11|0.08|0.07|4.01
1248820|76.04|3.92|3.25|1.14|0.07|0.10|3.96
1253835|32.16|6.18|0.69|1.08|0.07|0.05|4.01
1258851|14.85|2.89|1.07|1.14|0.06|0.06|4.01
1263866|10.86|3.64|-0.51|1.07|0.07|0.06|12.17
1268882|5.67|2.37|1.64|1.12|0.06|0.06|11.19
1273897|-23.73|0.33|1.77|1.11|0.08|0.09|4.35
1278914|-38.66|1.71|0.13|1.14|0.06|0.08|17.30
1283930|-5.79|4.16|-1.05|1.09|0.08|0.06|23.31
1288945|9.32|0.11|3.05|1.13|0.07|0.07|4.40
1293961|19.16|7.30|0.01|1.14|0.06|-0.00|4.11
1298976|35.50|-1.15|2.14|1.14|0.06|0.12|3.96
1303991|-6.22|5.05|1.97|1.09|0.09|0.02|20.23
1309006|11.07|-0.79|1.96|1.12|0.08|0.04|22.63
1314022|-13.01|7.48|2.95|1.12|0.11|0.03|15.40
1319037|-39.70|3.42|-1.39|1.10|0.06|0.01|7.62
1324053|-28.71|1.96|-1.15|1.07|0.07|0.02|19.11
1329069|-6.00|3.18|2.74|1.11|0.07|-0.01|11.24
1334085|25.51|4.34|2.55|1.07|0.08|-0.01|4.30
1339101|4.04|4.54|-0.08|1.13|0.08|-0.01|4.45
1344115|-3.77|5.34|2.38|1.10|0.07|-0.01|4.15
1349131|-18.18|4.05|-0.16|1.15|0.07|0.01|4.06
1354146|-37.48|4.89|-1.89|1.10|0.06|0.01|4.74
1359162|-3.35|7.36|4.25|1.17|0.07|-0.01|16.96
1364177|-5.56|4.37|0.71|1.14|0.07|0.01|4.25
1369193|-36.71|6.39|1.47|1.02|0.07|0.01|11.19
1374209|-94.51|3.08|-5.44|1.15|0.04|0.01|4.20
1379223|-15.29|5.80|1.92|1.11|0.08|0.03|5.13
1384239|18.85|4.53|3.30|1.06|0.08|-0.02|6.74
1389255|11.72|3.15|2.26|1.13|0.06|-0.01|4.20
1394271|-3.18|2.44|0.63|1.10|0.07|-0.01|4.25
1399286|-3.21|4.59|1.05|1.13|0.08|-0.01|4.25
1404302|7.17|3.69|3.34|1.09|0.08|-0.00|4.30
1409317|-7.44|3.33|0.50|1.11|0.07|-0.03|4.45
1414332|9.64|6.36|2.40|1.19|0.07|-0.01|4.74
1419347|24.51|2.74|1.57|1.10|0.07|0.03|4.35
1424363|3.65|6.60|2.78|1.10|0.10|0.01|4.35
1429379|-29.16|2.54|-1.62|1.15|0.07|0.02|4.25
1434394|-2.32|2.37|0.79|1.12|0.08|0.06|4.45
1439410|62.08|3.29|0.15|1.08|0.06|0.08|4.30
1444426|102.31|0.24|5.63|1.14|0.05|0.11|16.86
1449441|18.64|8.93|3.80|1.05|0.08|0.02|16.42
1454456|-40.69|10.82|-1.28|1.12|0.05|0.01|16.67
1459472|31.37|5.89|1.66|1.10|0.07|-0.00|4.55
1464487|-17.29|2.54|-0.04|1.12|0.08|0.01|4.35
1469503|15.18|4.44|3.11|1.12|0.07|-0.01|4.40
1474519|13.45|3.30|2.65|1.12|0.07|0.01|4.40
1479534|-1.05|5.97|2.17|1.15|0.07|-0.01|4.40
1484549|-13.17|3.88|1.78|1.11|0.07|0.02|20.14
1489564|-35.90|6.82|-2.30|1.11|0.06|0.01|5.18
1494580|-68.61|9.05|-2.50|1.14|0.08|0.00|15.20
1499596|-39.44|7.56|-1.17|1.11|0.07|-0.02|4.50
1504612|-2.50|5.83|1.38|1.12|0.09|-0.02|22.34
1509627|-26.96|3.18|-1.95|1.09|0.07|0.01|24.24
1514643|-8.80|3.59|1.24|1.13|0.07|0.01|25.22
1519659|-2.11|4.50|1.27|1.13|0.07|-0.00|19.11
1524674|-7.43|3.78|1.73|1.10|0.07|-0.01|4.94
1529689|-8.24|4.20|0.63|1.09|0.07|-0.01|4.45
1534704|-15.16|5.54|0.60|1.16|0.07|-0.01|4.50
1539720|-11.60|-0.37|-0.94|1.09|0.07|0.04|4.69
1544735|23.97|2.41|4.89|1.16|0.07|0.07|26.00
1549751|-51.02|-2.11|0.27|1.16|0.07|0.10|24.54
1554767|41.11|6.57|4.61|1.13|0.09|0.01|4.74
1559783|-62.77|7.34|-4.04|1.13|0.07|0.01|5.38
1564798|55.31|7.60|8.85|1.15|0.08|0.01|4.74
1569813|-23.69|4.88|-2.01|1.15|0.06|0.01|5.72
1574829|-50.37|4.81|-1.98|1.04|0.07|-0.01|5.67
1579844|14.91|6.34|1.79|1.09|0.08|-0.01|4.59
1584860|-32.76|3.08|-1.53|1.13|0.08|0.01|4.59
1589875|-2.23|3.78|0.86|1.13|0.07|-0.00|4.59
1594891|16.57|5.66|0.91|1.13|0.08|0.01|4.50
1599906|47.07|8.93|4.37|1.13|0.08|0.01|26.54
1604921|61.08|9.11|5.35|1.12|0.06|-0.01|5.03
1609937|54.07|13.80|7.57|1.11|0.07|-0.02|19.94
1614953|17.92|4.55|3.31|1.08|0.06|-0.03|4.69
1619969|-25.61|3.62|-4.93|1.01|0.07|0.02|4.50
1624984|-46.61|5.30|-1.15|1.14|0.05|-0.03|21.51
1630000|-23.11|5.37|-0.25|1.10|0.07|-0.02|22.14
1635015|-23.76|1.79|-2.46|1.10|0.07|0.01|8.60
1640031|-43.10|4.16|-0.07|1.13|0.07|-0.00|4.79
1645046|-19.35|4.06|-0.98|1.15|0.08|0.02|4.64
1650062|-5.87|3.36|3.85|1.04|0.06|0.02|4.69
1655076|-9.43|3.99|-0.22|1.11|0.06|-0.01|5.03
1660092|-4.34|6.01|2.31|1.16|0.06|-0.01|8.85
1665108|-38.11|4.22|-1.29|1.14|0.07|0.01|12.27
1670124|-10.96|3.85|-1.54|1.10|0.07|0.03|4.79
1675140|-30.95|-0.95|1.19|1.13|0.08|0.11|4.94
1680155|51.32|5.94|-0.46|1.10|0.08|0.08|18.96
1685171|52.34|0.81|6.08|1.12|0.08|0.10|15.30
1690186|39.22|0.31|5.82|1.14|0.07|0.05|11.88
1695202|4.60|2.21|1.73|1.08|0.07|0.02|11.14
1700216|-32.50|0.83|0.16|1.14|0.07|0.03|5.08
1705232|41.34|1.74|6.24|1.11|0.09|0.04|4.69
1710247|16.49|7.31|2.00|1.12|0.07|-0.04|4.74
1715263|-19.89|6.44|0.98|1.12|0.07|0.00|15.10
1720280|26.42|4.56|4.03|1.09|0.07|-0.01|5.67
1725295|32.88|5.89|3.87|1.14|0.08|0.00|4.64
1730310|-17.25|2.53|0.30|1.13|0.08|0.01|4.59
1735337|-31.55|5.85|1.23|1.12|0.08|0.01|4.69
1740353|-39.60|4.53|-3.34|1.15|0.06|0.02|6.65
1745369|-58.39|8.30|-1.02|1.14|0.08|0.00|5.18
1750384|-10.47|9.14|-1.08|1.15|0.07|-0.03|18.77
1755400|3.36|3.98|2.70|1.11|0.08|-0.00|6.06
1760415|-27.64|5.21|1.54|1.06|0.06|-0.01|4.69
1765431|-13.29|6.40|-0.48|1.14|0.08|-0.00|22.19
1770446|-12.60|2.12|0.20|1.11|0.09|0.03|5.47
1775463|26.05|5.95|4.99|1.05|0.07|-0.04|6.55
1780478|6.84|7.02|-0.66|1.17|0.08|-0.01|22.83
1785494|3.47|6.06|0.08|1.09|0.07|0.04|28.35
1790510|15.20|5.42|5.47|1.02|0.08|0.06|24.93
1795525|-20.53|2.63|-0.08|1.11|0.08|0.08|27.32
1800541|45.27|3.53|1.73|1.12|0.08|0.06|26.54
1805556|-10.45|3.60|2.73|1.13|0.08|0.06|15.98
1810571|-21.17|-0.34|-0.66|1.12|0.07|0.07|11.58
1815587|-30.46|1.77|1.59|1.11|0.07|0.05|4.84
1820602|-6.13|3.43|1.92|1.12|0.07|0.07|24.19
1825617|-2.79|3.64|1.82|1.08|0.07|0.06|28.93
1830635|5.08|6.18|1.53|1.10|0.08|0.06|28.45
1835650|-0.57|2.83|1.01|1.15|0.08|0.06|28.89
1840665|-32.18|-0.79|0.07|1.13|0.08|0.07|8.26
1845681|33.95|3.33|4.56|1.06|0.08|0.08|5.96
1850696|-3.05|1.15|2.84|1.18|0.08|0.07|5.57
1855712|-1.10|6.41|2.34|1.15|0.08|0.03|22.73
1860727|-8.70|3.47|4.47|1.01|0.06|-0.01|26.88
1865743|-15.27|3.83|0.58|1.13|0.06|-0.02|19.21
1870758|-22.92|5.74|1.64|1.12|0.07|0.00|4.84
1875774|-28.42|5.64|-0.06|1.13|0.08|0.00|4.94
1880790|-1.56|7.27|3.98|1.07|0.07|-0.01|25.46
1885806|1.55|4.89|-0.16|1.15|0.07|-0.01|5.47
1890822|10.20|5.29|3.47|1.13|0.08|0.02|4.89
1895837|-18.00|7.40|2.60|1.07|0.07|-0.02|20.09
1900853|-32.94|4.14|-1.82|1.15|0.07|0.02|5.67
1905868|-2.65|4.11|0.65|1.11|0.08|0.02|7.82
1910884|24.69|7.86|1.47|1.10|0.07|-0.05|28.49
1915899|9.42|9.34|1.81|1.13|0.07|-0.03|13.49
1920915|25.41|5.31|2.61|1.11|0.07|-0.01|4.84
1925931|0.36|4.64|1.02|1.08|0.07|-0.02|19.94
1930945|29.72|4.96|5.45|1.14|0.07|-0.01|26.69
1935961|58.56|7.89|5.26|1.13|0.07|0.00|21.75
1940978|24.35|4.35|5.12|1.13|0.06|0.00|4.99
1945994|15.43|7.69|3.11|1.09|0.08|-0.02|4.89
1951008|15.58|2.73|3.45|1.12|0.07|0.01|4.89
1956024|-30.75|5.98|-1.89|1.12|0.06|0.01|5.57
1961039|-35.15|3.41|-1.56|1.11|0.08|-0.00|7.33
1966055|-44.66|4.95|0.04|1.10|0.08|-0.00|4.99
1971070|-16.79|3.96|0.44|1.12|0.08|0.00|6.01
1976086|-28.23|5.03|-0.38|1.15|0.08|0.00|19.06
1981102|-39.62|5.62|-0.27|1.11|0.07|0.00|13.34
1986117|-45.02|7.00|-0.22|1.12|0.08|-0.01|5.03
1991133|-9.80|3.54|0.58|1.12|0.09|0.00|23.85
1996149|-13.16|5.52|1.44|1.11|0.08|-0.01|10.22
2001165|16.79|3.35|2.15|1.04|0.07|-0.01|4.89
2006180|8.66|4.12|2.45|1.16|0.08|0.00|4.69
2011196|39.98|6.28|1.96|1.10|0.07|0.01|6.45
2016211|22.34|6.54|0.27|1.12|0.08|-0.00|18.57
2021227|55.23|5.96|4.73|1.11|0.07|0.02|4.99
2026243|67.74|8.83|5.79|1.11|0.07|0.02|26.39
2031258|0.65|2.66|2.69|0.99|0.06|0.00|5.23
2036274|29.86|5.05|2.97|1.14|0.08|0.03|5.13
2041289|25.20|6.24|3.20|1.14|0.08|0.02|5.13
2046304|16.05|2.08|4.82|1.00|0.07|0.02|18.62
2051319|-8.37|7.26|0.44|1.13|0.06|-0.02|26.30
2056337|-48.44|3.86|-2.98|1.13|0.07|0.02|5.47
2061352|-26.13|5.48|2.24|1.13|0.06|-0.01|5.23
2066368|-23.73|0.25|-2.89|1.11|0.06|0.02|23.22
2071384|-3.99|10.84|-0.18|1.07|0.08|0.02|13.05
2076398|3.21|-2.76|3.14|1.14|0.07|0.06|21.46
2081414|-27.24|3.92|2.02|1.15|0.07|0.04|6.35
2086429|8.77|1.76|-0.62|1.09|0.07|0.05|4.94
2091445|-11.65|3.53|4.12|1.13|0.06|0.05|19.50
2096460|-37.00|3.18|0.74|1.13|0.08|0.05|28.64
2101476|22.95|1.63|1.52|1.08|0.07|0.07|22.34
2106491|29.63|2.64|0.37|1.16|0.08|0.05|6.70
2111512|39.41|3.30|2.18|1.11|0.07|0.05|5.08
2116527|0.69|2.70|2.94|1.11|0.08|0.07|27.96
2121542|1.01|3.94|-1.00|1.12|0.08|0.05|26.74
2126558|-3.90|3.82|1.18|1.10|0.07|0.05|5.28
2131573|22.65|2.96|1.16|1.15|0.07|0.06|4.99
2136589|-9.01|3.58|-0.90|1.09|0.07|0.05|5.03
2141603|-2.53|0.62|-0.56|1.10|0.07|0.07|28.64
2146619|3.51|3.69|1.05|1.09|0.07|0.04|8.55
2151634|63.53|5.21|2.68|1.17|0.07|0.07|5.03
2156650|-18.40|3.27|4.56|1.12|0.06|0.01|4.84
2161666|-6.15|6.92|-3.66|1.14|0.08|-0.02|4.79
2166682|79.79|11.37|6.55|1.14|0.07|-0.03|31.33
2171698|9.72|4.76|2.56|1.08|0.08|-0.01|5.62
2176712|5.58|5.13|0.56|1.16|0.07|-0.00|4.89
2181728|60.07|8.85|4.27|1.09|0.08|0.01|9.38
2186743|65.28|6.88|6.63|1.14|0.05|-0.01|10.46
2191759|-22.09|2.69|0.03|1.05|0.07|-0.01|5.08
2196774|-15.16|2.08|-0.06|1.15|0.08|0.01|4.94
2201790|-13.18|6.31|3.93|1.11|0.09|-0.01|5.08
2206806|-13.14|5.37|-1.53|1.14|0.07|0.01|25.27
2211821|-10.77|10.13|1.10|1.10|0.06|-0.00|5.38
2216837|-16.98|3.40|0.31|1.11|0.08|-0.02|5.43
2221853|3.50|5.10|-0.33|1.12|0.08|0.01|5.18
2226869|15.05|8.05|2.44|1.13|0.08|0.01|4.94
2231883|29.35|5.19|1.18|1.10|0.08|0.01|30.89
2236899|41.34|11.14|3.15|1.11|0.07|-0.02|5.91
2241914|30.01|6.01|3.96|1.09|0.07|-0.02|4.79
2246930|29.21|6.31|1.52|1.14|0.07|-0.00|16.32
2251945|37.53|6.60|3.86|1.14|0.08|0.03|17.45
2256961|5.98|4.27|-0.37|1.13|0.07|-0.00|4.84
2261977|46.98|6.83|6.32|1.12|0.08|-0.00|29.37
2266992|56.89|6.37|3.54|1.10|0.08|0.03|5.13
2272008|30.31|9.12|3.63|1.07|0.07|-0.03|27.91
2277024|13.03|2.88|3.35|1.17|0.08|0.00|6.01
2282040|14.38|3.40|3.85|1.14|0.07|0.02|5.03
2287055|-24.35|9.21|3.90|1.00|0.05|-0.01|5.08
2292071|-44.68|8.91|4.53|1.13|0.10|-0.00|16.86
2297086|47.18|5.52|2.45|1.09|0.08|0.01|5.67
2302102|-23.56|5.61|2.69|1.13|0.08|0.00|5.03
2307118|-22.98|5.43|0.15|1.12|0.08|-0.01|11.09
2312133|-25.84|7.29|2.12|1.10|0.07|-0.00|21.02
2317149|9.02|4.57|0.80|1.12|0.09|-0.00|5.18
2322164|10.40|4.99|3.59|1.08|0.08|-0.02|4.94
2327180|-10.47|4.86|-1.20|1.14|0.08|0.01|5.18
2332196|-12.71|0.92|1.52|1.14|0.07|0.05|5.08
2337212|-15.08|4.98|0.80|1.07|0.08|0.04|4.94
2342227|64.76|3.73|3.82|1.10|0.07|0.05|5.13
2347243|6.98|11.36|8.25|1.19|0.10|0.02|7.28
2352259|3.05|-4.89|-3.62|1.13|0.09|0.10|21.95
2357274|62.43|6.50|2.96|1.10|0.06|0.08|8.60
2362290|34.05|0.68|2.31|1.12|0.08|0.08|5.23
2367305|8.15|3.92|1.49|1.10|0.08|0.05|4.99
2372320|38.16|0.91|-0.09|1.12|0.08|0.05|5.13
2377335|-34.45|3.19|-0.40|1.17|0.07|0.05|10.75
2382351|-2.96|-2.90|-1.82|1.09|0.07|0.07|26.78
2387368|-29.24|-3.50|-2.80|1.13|0.09|0.08|12.95
2392384|18.61|5.31|0.76|1.14|0.06|0.00|19.55
2397400|-44.59|7.82|-6.71|1.17|0.06|-0.01|5.96
2402415|-25.87|-0.64|4.34|1.17|0.06|0.04|4.99
2407431|49.14|8.48|6.55|1.13|0.08|0.01|4.94
2412446|-4.76|5.53|-1.44|1.03|0.07|0.04|4.94
2417462|9.66|-1.47|-0.78|1.14|0.09|0.07|9.87
2422476|-21.63|6.17|-0.89|1.12|0.08|0.03|5.03
2427492|-56.62|0.22|0.76|1.12|0.07|0.08|26.59
2432507|22.07|3.27|-0.92|1.08|0.07|0.05|30.11
2437523|32.52|4.04|1.98|1.10|0.07|0.05|10.75
2442541|-37.68|5.82|0.38|1.11|0.08|0.02|5.91
2447556|26.71|5.34|7.48|1.14|0.07|0.03|4.99
2452572|31.95|2.44|5.89|1.08|0.08|0.05|7.23
2457586|-23.95|2.69|1.62|1.12|0.07|0.04|4.79
2462602|4.85|9.81|-0.73|1.08|0.07|0.01|26.00
2467617|43.34|6.68|1.11|1.14|0.06|0.02|6.01
2472633|-42.08|6.40|-5.41|1.15|0.06|0.01|4.84
2477648|36.32|-0.83|0.21|1.11|0.08|0.06|5.08
2482664|-16.27|3.50|2.26|1.13|0.08|0.03|28.40
2487680|-68.27|7.63|0.23|1.18|0.08|0.03|6.89
2492695|-14.24|-1.56|-0.90|1.08|0.07|0.05|4.94
2497712|-1.15|5.40|1.95|1.12|0.07|0.02|16.37
2502727|8.65|-1.18|1.89|1.10|0.08|0.05|20.87
2507743|-30.22|1.86|4.84|1.13|0.07|0.04|32.16
2512758|2.57|1.02|-1.05|1.15|0.08|0.04|5.43
2517774|33.48|7.11|7.53|1.11|0.09|0.02|4.69
2522789|-18.89|-0.98|3.56|1.13|0.07|0.05|4.89
2527805|20.32|6.23|5.76|1.10|0.08|0.02|4.79
2532820|8.59|1.27|-2.79|1.11|0.08|0.05|5.08
2537836|-42.33|0.18|4.70|1.08|0.07|0.04|5.91
2542852|-40.79|4.71|-1.06|1.11|0.07|0.03|10.36
2547867|-23.93|-0.76|2.67|1.14|0.07|0.04|6.35
2552884|49.37|7.56|3.42|1.16|0.06|-0.01|4.89
2557899|-4.30|5.78|-3.08|1.10|0.07|-0.02|4.69
2562915|14.50|5.38|6.11|1.15|0.08|-0.00|29.72
2567930|10.00|6.46|2.82|1.05|0.09|-0.01|22.43
2572946|60.77|6.18|4.79|1.13|0.06|-0.01|32.40
2577961|40.69|6.79|3.89|1.09|0.07|-0.01|13.39
2582977|32.51|4.37|4.24|1.09|0.07|-0.01|4.94
2587993|29.97|6.27|3.89|1.08|0.08|0.00|4.94
2593008|-67.13|5.48|-2.43|1.12|0.07|0.03|5.13
2598024|17.15|0.60|1.87|1.08|0.08|0.03|15.44
2603039|0.81|5.56|-0.28|1.10|0.08|0.03|14.03
2608056|4.98|3.15|1.72|1.14|0.08|0.04|31.38
2613071|42.27|1.85|1.53|1.12|0.08|0.06|27.66
2618087|-20.39|7.76|2.60|1.14|0.07|0.01|29.72
2623102|-45.11|4.40|-5.80|1.14|0.08|0.01|5.28
2628118|-78.21|6.63|2.38|1.14|0.09|0.01|6.74
2633134|39.08|5.42|0.17|1.13|0.08|-0.00|12.07
2638149|-6.85|8.32|0.82|1.12|0.07|0.00|21.80
2643165|0.34|3.45|0.89|1.06|0.08|-0.01|5.47
2648179|-16.14|7.52|0.08|1.12|0.08|0.01|4.94
2653200|48.82|2.08|3.40|1.13|0.07|0.06|4.99
2658215|-60.24|-1.60|0.24|1.19|0.07|0.08|12.02
2663232|37.04|0.68|4.47|1.12|0.06|0.07|21.11
2668248|-4.00|2.10|2.15|1.10|0.07|0.06|7.09
2673263|25.60|2.94|1.08|1.17|0.08|0.04|6.16
2678279|-6.73|5.90|-0.03|1.12|0.08|0.01|6.70
2683293|10.08|3.70|1.50|1.11|0.08|0.01|7.04
2688309|48.69|6.37|5.88|1.10|0.08|0.03|5.38
2693324|7.85|-0.35|6.40|1.13|0.08|0.03|9.53
2698340|-86.37|9.87|-1.64|1.11|0.08|0.04|20.87
2703355|-21.54|3.15|0.82|1.08|0.08|0.04|22.87
2708371|-39.19|2.39|7.83|1.17|0.07|0.05|33.82
2713387|-74.34|-6.59|-8.16|1.16|0.07|0.08|14.52
2718403|-11.97|4.68|2.19|1.14|0.09|0.04|5.28
2723419|65.79|3.35|-2.79|1.10|0.07|0.06|7.62
2728434|-71.12|3.79|0.27|1.12|0.07|0.02|4.99
2733450|45.40|6.86|9.04|1.09|0.08|-0.01|10.17
2738465|46.80|6.65|1.44|1.14|0.05|-0.01|15.25
2743481|-21.65|2.94|-1.94|1.09|0.07|0.05|33.72
2748496|0.48|0.61|2.86|1.09|0.07|0.06|5.43
2753512|77.14|5.94|0.14|1.15|0.07|0.09|5.13
2758528|77.44|3.40|6.14|1.11|0.07|0.09|5.08
2763543|90.28|5.18|1.56|1.07|0.07|0.10|5.03
2768559|44.43|7.37|2.54|1.15|0.07|0.02|6.79
2773574|-12.97|0.21|2.06|1.13|0.08|0.03|4.84
2778591|-15.11|4.79|4.05|1.11|0.08|0.02|27.96
2783606|67.69|-1.47|5.83|1.18|0.07|0.07|24.39
2788622|66.81|-0.37|0.92|1.14|0.08|0.09|5.96
2793637|14.16|2.73|6.77|1.07|0.07|0.03|5.03
2798653|61.33|0.48|1.85|1.13|0.07|0.06|26.30
2803668|-88.00|7.16|-3.95|1.12|0.07|0.04|20.04
2808684|-72.96|9.91|-2.11|1.14|0.08|0.02|5.82
2813700|65.73|-0.54|2.63|1.16|0.08|0.07|28.89
2818715|-14.34|-1.73|4.95|1.16|0.07|0.05|5.13
2823731|-34.88|1.24|5.95|1.09|0.07|0.04|34.80
2828746|-22.03|3.00|3.56|1.10|0.08|0.03|5.33
2833763|1.22|3.84|-1.86|1.11|0.08|0.02|24.24
2838778|71.11|0.32|0.95|1.10|0.07|0.06|9.09
2843794|-3.78|6.72|-5.65|1.09|0.08|0.02|20.38
2848809|29.40|3.69|0.18|1.08|0.08|0.03|4.74
2853824|-14.56|2.03|-2.19|1.11|0.08|0.01|5.08
2858840|-61.73|-4.17|-1.66|1.19|0.07|0.08|5.87
2863855|2.48|10.58|0.53|1.15|0.07|0.01|14.47
2868871|-51.87|5.19|-0.10|1.08|0.07|0.03|8.60
2873886|45.65|-4.61|3.47|1.05|0.07|0.03|10.31
2878902|-49.55|5.89|4.09|1.12|0.09|0.03|11.88
2883917|-12.00|4.36|-3.66|1.11|0.07|0.02|6.60
2888934|-54.07|7.52|3.74|1.16|0.07|0.06|11.14
2893949|-7.89|2.68|-2.47|1.15|0.08|0.03|6.21
2898965|3.65|5.21|-7.91|1.15|0.07|0.02|5.23
2903981|42.82|3.97|-2.59|1.16|0.06|0.00|23.07
2908996|-46.24|7.50|-5.57|1.10|0.06|0.00|6.01
2914012|-13.43|1.90|-8.98|1.03|0.07|0.01|5.13
2919027|-2.69|-1.47|0.23|1.11|0.07|0.05|5.52
2924043|35.73|6.90|-3.57|1.12|0.07|0.01|11.97
2929058|72.07|14.93|8.98|1.18|0.09|0.00|5.23
2934074|-69.97|-5.06|-3.08|1.12|0.07|0.06|4.69
2939089|-13.31|-4.56|-1.40|1.16|0.08|0.06|7.38
2944106|-48.89|-6.43|-9.31|1.17|0.08|0.06|24.44
2949122|-66.59|3.39|-5.74|1.15|0.05|-0.00|26.74
2954137|-3.27|-2.38|3.47|1.05|0.08|0.08|5.23
2959153|25.62|0.55|-2.23|1.12|0.08|0.04|4.79
2964168|-34.08|2.92|-2.71|1.10|0.07|0.02|4.84
2969184|14.85|0.98|-1.85|1.11|0.08|0.02|6.50
2974199|47.45|-4.12|2.47|1.16|0.08|0.06|14.27
2979215|51.26|13.63|2.64|1.15|0.08|0.00|32.99
2984230|54.00|5.80|5.03|1.09|0.07|0.03|5.77
2989246|-8.43|-3.03|6.35|1.11|0.07|0.04|30.60
2994267|-20.18|-1.08|-3.76|1.18|0.08|0.04|6.35
2999282|14.85|5.86|0.64|1.15|0.07|0.01|4.89
3004298|-2.05|3.17|1.11|1.15|0.08|0.03|12.66
3009313|-77.40|6.64|-1.01|1.12|0.08|0.01|14.81
3014329|5.73|4.37|3.23|1.09|0.09|0.01|13.69
3019344|-64.09|6.67|-4.79|1.16|0.07|0.02|5.91
3024360|12.25|-5.72|3.56|1.17|0.07|0.05|4.99
3029376|-18.31|4.08|4.11|1.04|0.07|0.01|4.89
3034391|4.27|2.81|3.97|1.10|0.08|0.03|16.23
3039407|40.77|5.11|-3.29|1.18|0.08|0.05|11.39
3044422|-78.15|5.98|0.35|1.09|0.08|0.04|4.89
3049438|-58.23|6.37|-3.40|1.14|0.08|0.04|8.50
3054454|32.67|-2.24|5.56|1.16|0.07|0.05|4.89
3059470|26.80|9.44|0.85|1.17|0.08|0.00|4.79
3064485|-31.63|-1.28|-2.20|1.18|0.08|0.06|4.84
3069501|65.95|0.68|1.89|1.11|0.07|0.05|18.72
3074516|13.38|2.04|2.40|1.09|0.07|0.02|5.23
3079532|-16.92|4.15|3.74|1.10|0.08|0.02|31.77
3084548|28.34|4.10|5.24|1.17|0.08|0.03|8.55
3089562|42.46|5.66|3.51|1.14|0.09|0.01|4.59
3094578|53.93|3.73|8.64|1.05|0.07|0.01|4.50
3099593|-86.57|6.02|0.32|1.11|0.07|0.05|6.30
3104609|43.29|4.24|5.69|1.15|0.08|0.02|27.37
3109625|58.58|12.63|2.02|1.20|0.06|0.00|20.23
3114641|61.52|2.06|1.26|1.13|0.08|0.08|7.09
3119656|18.28|-2.79|-2.89|1.07|0.08|0.03|20.38
3124672|-11.08|7.17|2.66|1.05|0.08|0.02|17.55
3129688|60.99|10.01|3.38|1.08|0.07|0.03|13.39
3134703|-73.37|-2.44|-3.19|1.13|0.06|0.06|5.67
3139718|9.72|3.92|-1.11|1.14|0.08|0.03|15.74
3144733|-70.26|-2.00|0.41|1.16|0.06|0.07|31.38
3149749|29.80|10.24|7.05|1.14|0.08|0.01|4.84
3154764|-81.98|9.78|-1.93|1.14|0.06|0.02|15.40
3159780|33.69|-4.58|6.64|1.13|0.07|0.05|9.04
3164796|-35.87|2.64|6.38|1.07|0.08|0.03|5.28
3169812|-1.75|6.61|3.23|1.13|0.09|0.02|20.19
3174828|15.23|0.82|7.95|1.19|0.08|0.04|20.48
3179843|35.30|12.09|5.59|1.18|0.08|-0.01|5.28
3184859|11.06|-0.22|2.86|1.11|0.08|0.03|8.55
3189874|42.73|7.30|-1.12|1.14|0.07|0.02|9.09
3194889|-27.67|-0.34|5.39|1.15|0.08|0.04|4.35
3199904|65.63|5.69|1.66|1.16|0.07|0.05|10.46
3204920|4.24|1.60|3.73|1.07|0.08|0.02|13.15
3209935|6.81|3.55|7.55|1.09|0.09|0.02|4.55
3214951|-6.02|-1.37|-3.56|1.11|0.08|0.02|4.45
3219968|-23.60|0.73|-2.90|1.14|0.07|0.01|9.78
3224983|-29.37|-6.08|1.36|1.14|0.08|0.08|4.35
3229999|17.73|3.52|-3.24|1.10|0.07|0.02|4.69
3235014|36.17|0.67|4.34|1.12|0.08|0.03|4.94
3240029|3.66|5.85|-5.55|1.12|0.07|0.01|18.57
3245044|-26.02|-3.98|-6.84|1.07|0.08|0.04|4.99
3250060|73.60|12.54|5.18|1.11|0.07|0.03|13.34
3255075|-5.01|0.69|6.76|1.13|0.08|0.01|5.18
3260091|-40.58|4.50|3.82|1.19|0.09|0.02|9.58
3265106|-15.08|4.63|-2.69|1.16|0.07|0.01|22.19
3270122|17.18|3.07|-4.68|1.15|0.08|0.03|5.62
3275139|39.89|-4.28|5.38|1.10|0.07|0.04|6.21
3280154|20.82|-0.18|1.37|1.12|0.08|0.03|8.21
3285170|12.18|5.62|4.13|1.11|0.08|0.01|6.30
3290185|-52.34|3.95|2.38|1.17|0.09|0.02|4.55
3295200|-40.09|8.44|-0.80|1.18|0.07|0.01|4.89
3300215|29.42|0.97|2.41|1.14|0.08|0.04|6.30
3305231|8.71|1.13|-1.48|1.06|0.08|0.02|4.69
3310246|53.80|6.99|6.51|1.09|0.07|0.03|4.94
3315262|-20.73|3.87|1.73|1.11|0.08|0.02|4.35
3320278|-2.56|-0.50|-2.99|1.13|0.08|0.04|4.94
3325293|-29.13|2.73|7.21|1.17|0.08|0.04|4.50
3330310|-31.95|0.46|2.28|1.12|0.08|0.02|5.87
3335325|-34.11|2.88|-4.09|1.09|0.07|0.02|4.99
3340340|-27.53|5.41|-2.00|1.11|0.08|0.02|6.45
3345355|53.99|4.24|9.15|1.16|0.08|0.02|4.69
3350371|-37.47|1.02|1.98|1.12|0.07|0.03|32.70
3355386|-21.43|4.19|4.78|1.15|0.09|0.03|4.99
3360402|22.07|-4.94|4.59|1.19|0.08|0.05|4.79
3365417|-74.05|-2.61|-0.97|1.11|0.07|0.06|18.72
3370433|8.24|7.86|1.32|1.12|0.08|0.03|4.79
3375449|-1.74|0.51|5.71|1.12|0.08|0.02|4.59
3380464|-14.03|3.72|-3.69|1.13|0.07|0.02|4.74
3385481|26.76|7.44|-4.26|1.13|0.07|0.01|18.52
3390496|-50.97|-6.01|-4.79|1.14|0.08|0.05|6.11
3395512|6.56|1.23|-1.23|1.12|0.09|0.04|33.28
3400526|-2.53|-2.15|0.31|1.12|0.08|0.02|9.24
3405542|27.89|6.61|-2.93|1.18|0.07|0.01|5.23
3410557|3.63|2.28|3.00|1.14|0.08|0.02|4.84
3415573|-4.87|5.54|4.63|1.16|0.08|0.01|4.59
3420589|28.53|1.66|-1.50|1.16|0.09|0.04|4.79
3425604|25.38|3.27|-1.37|1.12|0.08|0.03|25.51
3430620|28.85|3.05|-0.71|1.12|0.08|0.04|5.77
3435634|-20.95|8.52|-2.71|1.12|0.07|0.00|13.34
3440652|32.33|1.61|3.37|1.09|0.08|0.04|4.69
3445666|-35.00|3.30|2.11|1.13|0.08|0.04|14.61
3450682|-16.47|5.34|3.55|1.14|0.09|0.02|4.55
3455697|0.33|6.30|-2.12|1.12|0.07|0.02|4.84
3460713|-9.38|5.40|-0.90|1.09|0.09|0.02|23.80
3465729|7.59|5.56|1.38|1.06|0.08|0.02|23.22
3470744|41.44|4.92|0.04|1.13|0.08|0.03|5.57
3475760|-10.44|3.71|0.78|1.13|0.08|0.03|31.67
3480774|8.11|3.65|2.64|1.09|0.08|0.01|5.03
3485790|-9.76|1.42|-0.50|1.09|0.08|0.02|31.57
3490805|8.85|4.14|2.22|1.09|0.08|0.02|4.45
3495822|22.31|6.15|4.15|1.14|0.08|0.01|4.35
3500837|-4.45|1.69|4.79|1.15|0.08|0.03|30.89
3505853|-29.85|7.18|2.72|1.18|0.09|0.02|7.18
3510868|14.90|-0.05|6.42|1.17|0.08|0.03|4.55
3515884|36.77|10.21|2.20|1.17|0.08|0.01|4.69
3520900|31.21|6.38|7.03|1.18|0.09|0.02|4.35
3525914|57.27|6.10|3.86|1.10|0.07|0.01|6.94
3530930|-2.66|4.27|0.73|1.09|0.08|0.02|4.30
3535945|4.76|6.28|0.45|1.12|0.08|0.01|4.55
3540961|22.08|1.53|3.44|1.11|0.08|0.03|4.74
3545976|0.32|7.08|-0.17|1.09|0.08|0.02|4.30
3550991|15.57|5.11|6.01|1.11|0.08|0.02|25.12
3556008|-36.21|3.79|-2.53|1.20|0.08|0.02|32.06
3561024|35.34|4.45|-1.50|1.16|0.08|0.03|4.94
3566039|62.04|-1.36|0.28|1.18|0.08|0.07|8.26
3571054|-40.95|13.90|-1.98|1.19|0.08|0.00|4.84
3576070|10.93|-3.66|3.21|1.16|0.08|0.04|4.99
3581085|5.00|0.92|-1.10|1.09|0.08|0.02|4.59
3586101|-6.02|8.85|2.63|1.10|0.07|0.00|4.69
3591116|-28.26|1.56|-11.50|1.07|0.07|0.02|9.43
3596144|-5.58|-1.12|3.42|1.14|0.08|0.04|27.76
3601160|-14.26|7.06|-1.23|1.12|0.07|-0.01|7.18
3606175|-17.02|-1.08|-3.06|1.19|0.09|0.05|4.79
3611193|26.21|4.41|-3.67|1.18|0.08|0.03|4.94
3616207|36.91|4.54|-0.58|1.16|0.08|0.03|19.89
3621223|-50.22|2.22|-7.11|1.08|0.08|0.03|4.69
3626238|-28.42|-3.15|4.80|1.15|0.07|0.05|10.70
3631254|24.75|7.53|-0.28|1.04|0.08|-0.01|32.21
3636270|18.04|6.43|-1.00|1.16|0.07|-0.00|11.73
3641285|11.79|-4.20|-5.73|1.19|0.09|0.05|30.06
3646301|-35.31|7.21|1.23|1.10|0.08|0.01|20.04
3651316|54.95|3.29|5.47|1.08|0.08|0.03|5.18
3656332|1.35|5.67|11.49|1.11|0.09|0.02|3.91
3661349|7.54|-3.11|11.22|1.19|0.08|0.04|15.93
3666365|45.69|9.60|8.84|1.12|0.08|0.00|5.13
3671379|9.32|2.37|-3.77|1.15|0.09|0.04|24.10
3676395|26.37|-5.91|-2.21|1.04|0.08|0.02|5.47
3681411|8.55|7.39|7.95|1.15|0.10|0.02|10.12
3686426|40.72|8.77|0.93|1.11|0.07|0.02|6.89
3691442|-11.19|1.74|-6.16|1.15|0.09|0.03|4.84
3696457|-44.53|14.69|-8.66|1.16|0.06|-0.01|17.35
3701473|129.45|-5.26|4.27|1.25|0.05|0.13|18.18
3706488|60.44|-2.93|2.85|1.14|0.08|0.06|5.08
3711504|49.41|4.08|-9.40|1.13|0.08|0.04|6.74
3716521|9.73|-6.42|11.36|1.25|0.08|0.05|10.51
3721537|77.31|-3.21|9.94|1.12|0.07|0.04|5.47
3726552|37.28|0.24|8.26|1.17|0.08|0.04|5.47
3731567|54.01|-0.73|1.88|1.13|0.08|0.04|17.64
3736583|19.49|8.73|-1.65|1.10|0.08|0.03|4.79
3741598|-47.23|-0.02|-0.08|1.08|0.08|0.03|4.59
3746614|-25.02|4.79|-1.02|1.09|0.08|0.02|13.64
3751629|33.15|5.76|-0.76|1.08|0.08|0.02|4.30
3756645|23.33|5.90|3.21|1.08|0.08|0.01|4.25
3761660|34.40|4.08|-0.24|1.15|0.07|0.01|24.54
3766676|26.89|8.24|5.15|1.15|0.09|0.02|5.18
3771693|28.76|2.90|-0.73|1.12|0.07|0.02|24.00
3776708|-16.53|7.06|-1.40|1.17|0.08|0.01|21.46
3781724|-38.48|-3.04|-1.31|1.17|0.08|0.04|6.26
3786739|-34.32|-1.17|1.53|1.02|0.08|0.02|4.35
3791755|10.29|4.95|4.26|1.07|0.08|0.02|6.74
3796770|-45.47|11.11|0.47|1.15|0.07|-0.00|4.45
3801786|24.95|4.06|-6.13|1.21|0.08|0.04|27.32
3806801|12.00|4.11|8.19|1.14|0.09|0.02|4.20
3811817|-28.11|4.24|5.37|1.10|0.09|0.02|18.33
3816833|29.53|7.96|3.19|1.06|0.08|0.02|5.28
3821848|18.73|2.53|-2.15|1.11|0.08|0.03|5.91
3826865|2.98|1.38|1.79|1.11|0.09|0.02|5.18
3831880|-22.37|-1.36|6.08|1.13|0.08|0.03|4.69
3836896|74.98|-2.08|3.47|1.00|0.06|0.02|15.44
3841911|-12.34|-1.69|1.26|1.15|0.08|0.03|4.89
3846927|15.76|-0.28|6.37|1.15|0.09|0.01|4.50
3851942|-25.63|2.20|6.90|1.18|0.08|0.03|4.50
3856958|-33.63|-3.55|-1.24|1.14|0.08|0.03|14.17
3861974|33.27|10.40|13.51|1.20|0.10|0.02|4.01
3866989|62.55|12.96|-1.49|1.16|0.06|0.01|6.11
3872005|87.62|13.37|5.23|1.19|0.06|0.02|19.01
3877020|78.48|14.10|10.00|1.18|0.08|0.01|4.15
3882041|65.07|15.15|11.08|1.18|0.08|-0.00|4.30
3887056|95.50|18.34|9.83|1.22|0.07|0.01|22.53
3892072|36.77|12.50|4.42|1.17|0.07|0.00|24.78
3897086|-4.79|-4.96|4.82|1.24|0.08|0.05|7.82
3902102|73.56|-3.53|3.37|1.12|0.08|0.04|5.03
3907118|-8.40|5.96|-5.50|1.08|0.09|0.02|11.63
3912133|37.82|11.34|1.37|1.09|0.07|0.01|6.06
3917149|-65.79|-0.63|-6.02|1.07|0.07|0.04|4.55
3922164|25.09|8.53|-6.62|1.14|0.08|0.02|31.48
3927180|15.96|-0.12|-7.92|1.22|0.09|0.04|13.00
3932194|7.44|-5.09|4.64|1.17|0.08|0.04|5.72
3937212|89.72|-5.05|2.14|1.16|0.07|0.07|11.53
3942226|-1.02|10.21|-5.62|1.12|0.09|0.02|4.25
3947242|-18.95|9.01|-1.31|1.07|0.08|0.01|25.27
3952258|76.94|-0.66|-2.47|1.18|0.08|0.07|22.92
3957273|-25.55|-4.86|2.27|1.17|0.08|0.05|4.89
3962289|6.63|1.71|9.96|1.22|0.09|0.03|4.06
3967304|-30.52|-1.82|8.29|1.17|0.08|0.04|13.39
3972320|33.76|6.48|1.34|1.15|0.08|0.02|32.94
3977335|3.02|8.24|7.50|1.06|0.08|0.01|4.35
3982351|44.04|0.11|3.95|1.13|0.08|0.03|7.87
3987366|-44.69|5.39|1.77|1.18|0.09|0.02|29.96
3992383|25.76|12.61|9.21|1.21|0.10|0.00|4.15
3997399|10.78|16.29|0.77|1.20|0.07|-0.01|16.72
4002414|16.44|1.89|-4.45|1.09|0.09|0.03|22.09
4007429|35.16|1.87|2.53|1.09|0.08|0.02|23.41
4012444|-5.97|14.23|7.56|1.22|0.09|-0.00|30.25
4017460|29.92|-8.79|3.73|1.21|0.08|0.06|33.38
4022475|-75.47|-8.19|-9.94|1.10|0.07|0.05|8.31
4027491|1.96|-1.54|5.26|1.10|0.09|0.03|33.09
4032506|-27.31|2.81|-5.66|1.11|0.08|0.01|30.06
4037522|39.26|9.24|-2.80|1.09|0.08|0.00|23.41
4042537|-47.64|-4.83|-1.66|1.12|0.07|0.05|15.79
4047554|1.33|-2.31|1.54|1.16|0.09|0.04|4.59
4052570|-9.92|7.49|-0.85|1.19|0.08|-0.00|4.59
4057585|34.27|3.69|8.28|1.13|0.08|0.02|25.22
4062601|36.89|6.50|0.45|1.05|0.08|0.01|33.97
4067616|-4.75|0.58|6.09|1.10|0.09|0.02|15.49
4072632|33.67|8.37|-3.66|1.19|0.09|0.03|18.04
4077647|10.62|4.13|-2.79|1.10|0.08|0.02|4.35
4082662|20.09|1.69|0.13|1.11|0.08|0.01|21.85
4087677|-26.59|3.89|-5.51|1.16|0.08|0.01|4.74
4092693|-69.42|7.56|1.57|1.16|0.08|0.03|8.94
4097709|-26.31|6.76|-0.92|1.11|0.08|0.02|25.37
4102725|-64.93|9.08|-0.09|1.15|0.09|0.03|5.43
4107741|2.38|7.95|-0.63|1.11|0.08|0.00|5.33
4112756|-48.62|3.73|-1.56|1.15|0.08|0.02|12.27
4117772|-30.26|-1.89|0.21|1.18|0.09|0.03|5.08
4122787|-3.02|0.15|2.97|1.11|0.08|0.01|5.03
4127803|-6.53|0.61|-2.12|1.09|0.09|0.01|4.64
4132818|44.27|6.76|-3.60|1.13|0.07|0.01|4.69
4137834|8.98|5.35|-5.84|1.13|0.07|0.00|4.25
4142849|-40.56|-1.96|2.97|1.13|0.08|0.03|5.52
4147864|-8.65|8.09|5.64|1.17|0.09|0.02|5.18
4152880|52.95|4.96|6.73|1.12|0.08|0.03|6.79
4157896|-21.73|0.01|0.46|1.10|0.08|0.01|4.15
4162912|20.95|0.73|3.80|1.05|0.08|0.01|3.86
4167927|-33.41|5.18|-5.54|1.21|0.08|0.01|4.35
4172943|-13.92|4.82|6.24|1.16|0.10|0.01|25.22
4177958|-17.96|12.02|-4.70|1.12|0.07|0.01|35.63
4182974|73.27|-1.72|-1.09|1.10|0.08|0.04|21.26
4187990|-68.96|10.24|-0.96|1.10|0.06|0.00|4.50
4193005|32.77|8.73|6.33|1.16|0.10|0.01|6.26
4198021|49.58|5.79|4.63|1.16|0.09|0.03|5.28
4203036|37.28|-1.30|5.82|1.17|0.08|0.03|24.78
4208051|-17.07|12.78|-2.02|1.15|0.08|-0.00|32.36
4213068|0.38|-5.37|2.97|1.20|0.09|0.04|12.90
4218084|76.98|-6.08|6.57|1.13|0.07|0.05|4.94
4223098|56.63|-2.31|0.14|1.19|0.08|0.06|7.87
4228114|49.68|-2.29|3.85|1.17|0.08|0.02|8.70
4233129|38.01|6.36|2.78|1.13|0.08|0.03|9.38
4238145|35.84|5.21|5.94|1.12|0.08|0.02|4.30
4243161|26.54|3.03|3.80|1.07|0.08|0.02|19.89
4248176|10.05|6.80|3.66|1.10|0.09|0.02|4.94
4253192|60.53|9.34|9.43|1.13|0.08|0.02|10.90
4258207|31.05|9.82|6.90|1.10|0.09|0.02|4.20
4263222|24.67|5.13|3.27|1.10|0.08|0.01|29.47
4268239|-34.06|1.83|0.14|1.12|0.09|0.03|25.02
4273255|-27.44|7.08|-2.24|1.17|0.08|0.01|4.79
4278270|2.05|0.53|-1.48|1.12|0.09|0.02|25.71
4283285|10.81|5.62|0.83|1.11|0.08|0.01|9.34
4288301|21.79|3.92|1.95|1.16|0.09|0.03|4.64
4293316|35.21|3.40|0.34|1.10|0.08|0.02|6.50
4298332|49.96|-0.91|2.66|1.08|0.08|0.02|5.77
4303347|23.12|2.23|4.99|1.21|0.08|0.02|17.60
4308363|-5.92|10.53|2.39|1.20|0.09|0.01|27.96
4313378|66.34|8.16|6.60|1.14|0.08|0.02|6.01
4318394|37.72|5.21|-0.47|1.10|0.08|0.02|27.47
4323408|-20.15|5.44|1.97|1.15|0.08|0.01|4.64
4328426|-6.35|3.24|5.28|1.19|0.10|0.01|13.64
4333442|27.96|1.69|0.20|1.12|0.09|0.02|22.48
4338456|1.27|-1.50|-0.02|1.14|0.09|0.02|5.08
4343472|-21.75|5.65|0.75|1.13|0.08|0.01|4.50
4348487|-10.20|7.03|4.74|1.17|0.10|0.01|26.49
4353503|19.35|1.61|2.21|1.16|0.08|0.03|11.05
4358518|-4.12|6.04|-0.69|1.09|0.09|0.01|5.08
4363534|36.75|8.02|3.11|1.10|0.08|0.01|3.91
4368549|9.02|5.24|-1.29|1.15|0.08|0.01|13.25
4373565|-51.76|-0.49|-2.63|1.16|0.08|0.04|20.63
4378580|-40.22|-0.70|0.54|1.17|0.08|0.04|4.64
4383597|-7.81|2.54|7.20|1.15|0.09|0.02|9.04
4388613|-20.73|3.92|0.56|1.08|0.08|0.01|23.12
4393628|-19.99|1.57|-0.82|1.10|0.09|0.02|4.50
4398643|16.79|4.98|3.53|1.15|0.09|0.01|4.30
4403658|-35.69|-2.85|1.70|1.17|0.08|0.03|4.15
4408674|-54.52|-3.15|-2.44|1.18|0.08|0.04|25.51
4413689|-17.19|-1.92|-3.80|1.19|0.09|0.03|4.40
4418705|54.14|10.11|6.60|1.16|0.08|0.01|4.35
4423720|21.09|5.21|7.60|1.17|0.09|0.01|15.20
4428736|54.95|1.33|6.16|1.14|0.08|0.04|6.89
4433752|-27.28|10.18|-2.56|1.13|0.08|0.00|4.15
4438768|18.80|-1.27|-5.74|1.15|0.09|0.03|5.33
4443784|20.79|-2.29|4.48|1.12|0.09|0.01|21.26
4448799|-16.91|3.21|6.81|1.12|0.09|0.02|32.21
4453815|-37.03|9.35|1.82|1.17|0.08|0.00|4.25
4458830|-22.72|7.95|-8.18|1.24|0.08|-0.00|4.45
4463846|-15.24|7.90|-5.92|1.14|0.08|0.00|21.65
4468861|-29.76|8.37|-3.18|1.12|0.08|0.01|8.65
4473877|9.95|0.73|-7.99|1.23|0.08|0.02|5.03
4478892|-16.26|-3.96|7.08|1.17|0.08|0.02|4.45
4483907|-26.93|-1.88|1.85|1.08|0.08|0.03|19.21
4488923|-16.63|-4.97|-0.29|1.16|0.08|0.03|5.62
4493940|21.82|11.90|9.53|1.23|0.09|-0.01|3.91
4498955|88.06|13.00|6.68|1.16|0.07|0.01|23.61
4503970|-12.70|-3.66|1.61|1.17|0.09|0.04|4.45
4508986|43.73|3.82|-0.85|1.15|0.09|0.02|4.11
4514007|10.18|3.14|6.76|1.12|0.09|0.01|7.67
4519022|37.15|-0.82|6.51|1.21|0.09|0.03|15.05
4524038|80.53|-0.99|2.14|1.21|0.08|0.06|4.69
4529053|30.55|3.60|-8.05|1.17|0.09|0.02|16.81
4534069|57.98|3.66|15.27|1.21|0.08|0.03|18.33
4539084|13.86|2.00|-8.07|1.12|0.09|0.03|4.59
4544100|36.43|9.81|10.89|1.12|0.09|0.00|3.86
4549116|41.40|11.91|-3.23|1.21|0.07|0.01|8.46
4554132|-3.45|-1.69|8.45|1.20|0.09|0.02|4.55
4559148|0.05|13.66|4.66|1.17|0.09|0.00|3.32
4564163|44.63|13.71|1.34|1.17|0.07|-0.00|21.99
4569179|-18.43|7.56|-2.11|1.18|0.09|0.01|24.34
4574194|36.43|5.40|1.27|1.16|0.08|0.02|22.58
4579210|10.06|1.97|-1.22|1.12|0.09|0.01|5.03
4584225|63.50|-0.14|9.00|1.11|0.08|0.03|9.48
4589241|23.40|8.13|-5.43|1.12|0.09|0.03|4.20
4594256|5.04|7.92|-0.79|1.17|0.08|-0.00|3.47
4599272|-15.58|2.61|-4.45|1.17|0.09|0.02|4.06
4604289|61.35|10.22|5.92|1.14|0.08|0.00|3.76
4609304|7.21|2.34|5.04|1.17|0.08|0.02|24.10
4614320|7.18|8.09|0.33|1.15|0.09|0.00|24.05
4619335|69.27|12.00|7.15|1.16|0.07|0.01|4.25
4624351|7.89|-1.94|4.60|1.17|0.09|0.03|3.96
4629366|37.47|2.60|-0.27|1.13|0.08|0.01|27.52
4634382|-17.10|2.14|3.19|1.08|0.08|0.02|24.78
4639397|60.70|1.84|2.21|1.13|0.08|0.02|10.22
4644413|17.95|3.95|4.17|1.17|0.09|0.01|26.15
4649428|31.44|5.27|-5.74|1.18|0.09|0.03|23.31
4654444|-4.11|5.47|-1.71|1.14|0.08|0.01|4.20
4659461|41.03|-0.66|0.66|1.17|0.09|0.04|4.40
4664476|48.10|-1.99|4.65|1.17|0.08|0.02|11.78
4669492|-22.63|9.80|1.06|1.16|0.09|0.00|5.33
4674507|8.40|-3.82|3.57|1.16|0.09|0.02|7.72
4679523|-67.13|-2.59|0.00|1.15|0.08|0.04|11.24
4684538|-3.90|7.50|5.38|1.12|0.09|0.01|4.30
4689554|26.07|6.87|6.27|1.12|0.09|0.01|4.30
4694569|-7.40|2.09|5.34|1.13|0.08|0.01|12.41
4699585|28.96|7.27|3.31|1.16|0.08|-0.00|3.86
4704601|67.95|7.35|8.47|1.15|0.09|0.01|19.84
4709616|43.82|8.53|6.81|1.18|0.09|0.01|24.54
4714633|-20.17|-3.79|2.32|1.13|0.09|0.01|7.62
4719648|9.07|7.05|10.60|1.16|0.10|0.01|33.24
4724664|-35.78|-1.32|-4.44|1.20|0.09|0.04|19.11
4729679|60.66|12.40|6.81|1.21|0.09|0.02|29.67
4734695|35.45|5.86|5.32|1.14|0.09|0.01|3.52
4739710|19.48|7.14|6.12|1.09|0.10|0.01|5.47
4744726|32.24|10.58|5.33|1.15|0.08|0.02|31.28
4749742|66.82|10.98|2.32|1.17|0.07|0.01|5.18
4754757|42.92|7.76|7.49|1.16|0.09|0.02|31.57
4759773|62.28|9.96|5.27|1.17|0.09|0.01|5.82
4764788|-14.74|-0.20|4.77|1.09|0.09|0.01|27.76
4769809|-16.94|3.50|-0.60|1.15|0.09|0.02|5.33
4774824|4.46|4.09|7.73|1.17|0.09|0.01|3.52
4779840|49.26|9.46|7.70|1.11|0.09|0.02|9.09
4784856|20.02|7.15|-2.25|1.19|0.08|0.01|5.33
4789871|10.85|4.51|7.53|1.19|0.10|0.02|4.01
4794887|27.28|1.06|6.88|1.20|0.08|0.03|24.49
4799902|7.82|6.76|0.21|1.14|0.09|-0.00|33.24
4804918|37.02|3.40|9.65|1.14|0.09|0.02|6.11
4809933|52.66|14.33|10.34|1.24|0.09|0.02|31.52
4814949|64.26|17.63|8.02|1.26|0.09|0.00|3.91
4819964|68.25|13.19|1.82|1.18|0.08|0.01|28.64
4824981|58.60|10.08|7.66|1.17|0.09|0.01|3.81
4829997|14.91|3.39|5.17|1.13|0.09|0.02|31.67
4835012|6.03|3.53|-2.03|1.10|0.09|0.01|26.54
4840028|-3.19|5.26|1.31|1.12|0.08|0.01|30.79
4845043|30.95|5.67|2.40|1.13|0.09|0.02|20.82
4850059|48.21|-0.40|2.79|1.14|0.09|0.02|5.23
4855074|26.98|4.70|-6.99|1.19|0.09|0.02|26.20
4860090|67.60|-2.28|12.69|1.20|0.09|0.04|7.38
4865104|29.63|11.88|11.05|1.15|0.09|0.00|5.28
4870120|33.94|12.73|7.11|1.13|0.09|0.00|5.18
4875136|-5.65|4.73|-2.63|1.12|0.09|0.02|7.87
4880152|19.30|14.63|-1.14|1.24|0.08|-0.01|4.20
4885168|33.49|-4.34|-13.23|1.26|0.09|0.04|5.43
4890183|57.44|10.85|10.89|1.17|0.09|0.00|13.59
4895199|76.15|10.17|5.69|1.12|0.08|0.02|26.98
4900214|-32.34|-4.64|-4.68|1.18|0.09|0.04|4.59
4905230|81.47|-6.16|10.79|1.21|0.08|0.05|13.69
4910245|-21.49|8.66|4.81|1.16|0.09|0.02|23.80
4915261|85.98|-3.43|1.31|1.10|0.08|0.04|15.15
4920276|-29.06|-6.72|-2.25|1.14|0.08|0.03|4.45
4925292|64.69|13.70|9.63|1.21|0.08|0.01|3.57
4930308|44.79|12.27|-3.15|1.18|0.08|0.00|6.94
4935324|12.77|-0.95|5.83|1.18|0.08|0.03|4.15
4940340|-0.92|14.28|-0.69|1.21|0.09|0.00|3.91
4945355|30.98|-2.58|1.59|1.14|0.09|0.03|3.96
4950371|-16.35|4.00|1.47|1.10|0.08|0.01|5.91
4955386|4.80|2.88|-0.34|1.12|0.09|0.01|4.35
4960401|32.32|2.92|2.47|1.18|0.09|0.02|3.91
4965416|33.18|1.43|2.56|1.16|0.08|0.02|20.72
4970432|9.07|5.63|0.08|1.12|0.09|0.00|4.45
4975448|-12.17|4.15|1.92|1.10|0.09|0.02|13.10
4980463|-20.45|4.06|0.44|1.18|0.09|0.01|33.72
4985479|40.60|3.73|2.22|1.13|0.09|0.03|5.72
4990495|35.60|5.28|6.21|1.12|0.08|0.01|12.41
4995511|30.53|7.60|5.51|1.10|0.09|0.01|4.20
5000526|-7.33|3.84|-1.05|1.15|0.09|0.01|24.00
5005542|28.43|6.60|6.20|1.17|0.09|0.01|28.20
5010557|43.85|1.64|4.34|1.11|0.08|0.02|4.40
5015572|1.59|6.23|0.43|1.14|0.09|0.01|11.24
5020588|53.82|4.25|9.72|1.17|0.09|0.02|25.22
5025603|62.21|10.71|3.27|1.17|0.08|0.01|4.06
5030619|45.34|4.12|0.87|1.12|0.08|0.01|8.80
5035634|-23.74|3.31|-3.00|1.08|0.08|0.01|3.91
5040650|-24.82|-0.75|0.83|1.18|0.09|0.02|16.86
5045666|-40.31|2.74|7.84|1.01|0.08|0.02|13.15
5050682|26.46|7.46|1.77|1.13|0.10|0.01|4.64
5055697|42.47|12.27|1.93|1.18|0.09|-0.00|4.25
5060713|4.27|4.05|7.73|1.20|0.09|0.02|6.74
5065729|-0.47|2.52|4.50|1.16|0.09|0.01|3.76
5070743|-12.18|9.25|4.60|1.17|0.09|0.01|3.96
5075759|20.89|-4.23|3.50|1.18|0.09|0.02|3.81
5080774|-12.94|9.43|-0.63|1.11|0.08|0.00|4.79
5085790|8.95|-3.44|2.85|1.08|0.09|0.01|27.22
5090805|-36.97|5.32|0.09|1.15|0.08|0.01|28.93
5095821|-40.87|3.95|-8.12|1.17|0.08|0.01|4.84
5100837|-23.70|9.50|-1.73|1.15|0.09|0.01|7.53
5105853|0.74|5.12|2.69|1.15|0.09|0.00|3.47
5110868|54.89|-0.67|9.40|1.24|0.08|0.04|3.62
5115884|32.59|-0.80|-5.56|1.20|0.09|0.02|22.34
5120900|77.47|4.75|14.56|1.21|0.08|0.03|15.10
5125915|42.39|11.99|-0.95|1.19|0.08|0.02|16.52
5130931|30.53|13.87|0.53|1.21|0.08|0.01|3.91
5135945|3.05|-5.01|-2.31|1.20|0.10|0.04|4.35
5140961|23.49|5.06|-4.25|1.12|0.08|-0.00|10.70
5145976|-8.78|5.82|-2.37|1.11|0.09|0.01|4.69
5150992|-6.15|1.81|2.94|1.09|0.09|0.01|3.57
5156008|22.46|5.99|1.69|1.13|0.08|0.00|3.62
5161024|-4.60|-0.44|1.97|1.15|0.09|0.02|13.59
5166040|12.76|6.75|5.13|1.17|0.09|0.01|3.76
5171055|10.23|1.83|2.90|1.19|0.09|0.02|22.09
5176071|66.11|1.68|2.05|1.17|0.09|0.04|21.36
5181086|39.64|4.11|7.63|1.16|0.09|0.02|16.23
5186102|38.40|4.95|4.76|1.13|0.08|0.02|5.03
5191117|21.60|5.02|2.02|1.12|0.09|0.01|4.15
5196132|33.19|8.17|3.36|1.17|0.09|0.01|28.49
5201147|25.15|3.21|5.14|1.15|0.09|0.02|4.45
5206163|-7.53|10.00|-2.18|1.18|0.08|0.00|4.06
5211180|11.40|-2.68|-1.54|1.19|0.09|0.02|4.30
5216195|-5.69|10.86|-5.40|1.21|0.09|0.00|4.25
5221211|18.74|0.66|-4.80|1.17|0.09|0.02|12.95
5226226|18.75|2.78|-6.48|1.16|0.09|0.01|4.50
5231242|24.94|3.84|0.76|1.09|0.09|0.01|21.11
5236257|34.18|1.26|2.44|1.09|0.09|0.01|10.41
5241273|-11.30|4.58|3.07|1.09|0.09|0.01|3.23
5246288|-17.60|2.95|1.49|1.07|0.09|0.01|32.40
5251304|-13.62|1.49|1.38|1.08|0.09|0.01|4.84
5256320|19.61|4.21|0.43|1.09|0.09|0.01|3.62
5261334|-20.36|0.63|0.77|1.10|0.08|0.01|8.16
5266350|25.35|3.06|3.18|1.17|0.09|0.01|4.20
5271366|16.25|4.60|2.48|1.18|0.09|0.01|27.22
5276382|25.80|1.27|2.30|1.17|0.09|0.02|9.48
5281397|-2.87|7.49|-1.95|1.15|0.08|-0.00|4.25
5286413|15.21|0.09|-4.71|1.14|0.09|0.02|14.47
5291428|48.56|1.52|1.44|1.10|0.09|0.02|4.30
5296444|53.59|5.21|5.66|1.17|0.08|0.01|12.32
5301459|36.21|5.55|3.59|1.12|0.09|0.01|3.91
5306475|55.92|5.52|-0.72|1.10|0.08|0.02|12.27
5311491|59.10|2.94|4.82|1.17|0.08|0.01|21.99
5316505|43.08|8.45|6.95|1.18|0.09|0.01|3.67
5321521|36.56|6.81|-1.24|1.11|0.08|0.02|10.70
5326538|2.40|11.51|-0.73|1.17|0.09|-0.01|3.42
5331553|32.33|4.00|2.11|1.15|0.09|0.01|3.96
5336568|24.37|7.40|-4.56|1.17|0.09|0.00|12.56
5341584|-18.71|-2.34|-3.32|1.15|0.09|0.01|24.83
5346599|-1.92|2.84|1.78|1.07|0.09|0.01|5.43
5351615|41.97|5.07|-0.49|1.14|0.09|0.01|19.70
5356631|37.51|-0.02|0.95|1.15|0.08|0.01|4.01
5361646|34.21|6.19|-0.69|1.15|0.09|0.01|31.09
5366662|47.67|7.43|7.15|1.14|0.09|0.01|3.71
5371677|16.94|-0.05|6.81|1.13|0.09|0.02|31.62
5376693|-30.64|6.87|2.03|1.14|0.09|0.00|34.12
5381709|14.73|7.73|1.30|1.15|0.09|0.01|5.33
5386725|-14.55|7.11|-5.06|1.13|0.08|0.00|4.30
5391740|55.01|10.02|10.07|1.10|0.08|0.02|22.97
5396756|58.95|4.91|8.00|1.16|0.08|0.01|4.50
5401771|-27.95|-2.41|-0.42|1.19|0.09|0.03|28.40
5406786|-25.44|-0.13|4.27|1.13|0.09|0.01|5.08
5411802|20.27|2.90|1.65|1.12|0.08|0.01|3.71
5416817|47.07|-3.74|-1.21|1.24|0.09|0.04|11.05
5421833|31.19|1.32|-3.69|1.17|0.09|0.03|5.72
5426848|20.50|0.47|-2.85|1.17|0.09|0.01|4.45
5431864|54.08|0.71|3.54|1.12|0.08|0.02|14.37
5436880|21.95|3.44|1.50|1.09|0.09|0.01|4.30
5441896|33.66|6.44|1.35|1.09|0.09|0.02|15.93
5446912|19.64|6.92|0.15|1.11|0.09|0.00|4.45
5451927|45.85|2.98|0.52|1.08|0.08|0.02|9.38
5456954|40.73|1.73|-1.47|1.19|0.09|0.02|6.26
5461969|51.39|3.22|6.98|1.19|0.09|0.02|22.14
5466985|30.85|7.15|8.43|1.21|0.09|0.01|3.57
5472001|33.98|8.51|7.17|1.19|0.10|0.01|34.60
5477016|-20.40|-5.32|3.55|1.18|0.08|0.02|7.33
5482032|-17.38|-2.22|9.63|1.13|0.09|0.01|15.98
5487047|-4.93|10.05|-7.53|1.15|0.08|-0.00|4.06
5492065|8.94|3.98|9.47|1.11|0.09|0.01|3.67
5497080|-51.66|8.47|-0.66|1.11|0.09|0.01|4.84
5502096|13.31|-3.01|-4.07|1.20|0.09|0.03|23.90
5507111|5.62|16.25|7.57|1.19|0.09|0.00|26.83
5512127|42.67|-4.29|10.34|1.12|0.09|0.02|39.78
5517143|-71.60|10.86|-4.77|1.07|0.08|0.02|15.49
5522158|12.71|12.87|-8.04|1.18|0.09|-0.00|4.94
5527174|-81.60|14.11|1.22|1.27|0.09|0.03|6.94
5532189|-0.20|3.50|-8.40|1.19|0.09|0.01|6.06
5537205|-2.99|10.08|5.73|1.09|0.10|0.00|4.79
5542220|-36.95|1.95|-6.34|1.10|0.08|0.02|21.41
5547237|-48.79|8.22|-0.81|1.13|0.09|0.02|5.43
5552252|7.86|0.91|-3.76|1.14|0.09|0.01|5.72
5557268|-50.84|-1.72|4.25|1.14|0.08|0.03|6.11
5562284|-8.25|-1.18|1.66|1.10|0.09|0.01|36.90
5567299|-28.89|3.49|5.63|1.17|0.09|0.02|3.91
5572315|-60.62|-9.11|3.26|1.22|0.08|0.04|17.55
5577330|-15.63|-6.49|7.60|1.16|0.08|0.03|4.01
5582346|-47.07|-0.57|3.49|1.14|0.09|0.02|11.97
5587361|-30.09|-3.08|2.12|1.11|0.09|0.02|36.17
5592377|-17.89|-6.39|1.12|1.12|0.09|0.03|3.18
5597392|-28.97|-2.98|-1.40|1.14|0.09|0.02|29.18
5602410|59.22|5.55|3.96|1.12|0.08|0.01|10.17
5607426|56.12|-2.34|7.15|1.11|0.09|0.03|4.50
5612441|21.67|-4.46|1.88|1.22|0.09|0.02|17.79
5617457|-3.20|12.13|-1.85|1.23|0.09|0.00|7.82
5622472|2.75|-1.58|-2.07|1.17|0.09|0.02|32.40
5627488|15.80|11.81|7.37|1.18|0.10|0.00|17.35
5632503|9.49|2.05|6.88|1.15|0.09|0.01|38.91
5637519|25.43|-1.26|5.40|1.12|0.08|0.01|5.52
5642534|41.88|2.18|8.92|1.13|0.09|0.01|8.31
5647550|15.69|1.85|14.02|1.21|0.09|0.01|12.07
5652566|27.58|-3.23|16.14|1.24|0.09|0.02|3.32
5657585|-48.79|13.70|-10.14|1.19|0.08|-0.01|4.59
5662601|18.69|15.74|3.89|1.21|0.10|-0.00|5.18
5667616|-41.51|-2.08|10.56|1.23|0.08|0.03|14.76
5672632|-29.31|-7.88|-7.14|1.22|0.09|0.03|21.07
5677647|-2.05|10.83|4.22|1.15|0.09|0.01|4.84
5682663|-42.98|14.16|-2.60|1.12|0.09|0.01|4.55
5687678|-37.05|7.96|4.11|1.23|0.10|0.01|5.87
5692694|-45.03|2.92|-8.14|1.15|0.08|0.01|4.06
5697710|-35.63|5.31|-2.91|1.13|0.08|0.01|5.03
5702725|-22.07|4.19|1.04|1.17|0.09|0.01|19.84
5707742|-12.48|1.59|1.38|1.15|0.09|0.02|5.38
5712757|15.66|5.11|2.14|1.13|0.09|0.02|3.62
5717773|25.84|0.52|5.39|1.12|0.09|0.01|20.04
5722787|-11.27|2.61|-2.83|1.15|0.08|0.01|30.40
5727803|-20.18|-0.09|1.55|1.13|0.09|0.01|6.45
5732818|-15.53|-4.31|2.04|1.11|0.09|0.01|25.95
5737834|41.65|12.08|4.08|1.22|0.09|-0.00|25.76
5742850|1.63|5.93|8.69|1.18|0.09|0.01|9.48
5747865|25.24|2.82|6.28|1.15|0.09|0.01|3.08
5752881|34.92|4.43|7.52|1.12|0.09|0.01|33.97
5757896|39.08|6.71|9.21|1.13|0.10|0.01|3.27
5762913|19.76|-1.22|9.47|1.17|0.09|0.01|25.51
5767928|-30.45|12.82|-4.81|1.20|0.09|-0.00|7.04
5772944|-29.52|13.76|-4.61|1.21|0.09|0.00|5.03
5777959|-7.19|1.72|-9.77|1.17|0.09|0.01|21.31
5782975|-1.92|5.75|12.66|1.14|0.09|0.01|20.92
5787991|-62.83|5.56|1.10|1.07|0.08|0.01|5.38
5793006|-14.37|8.32|-1.11|1.12|0.09|0.01|10.07
5798022|-59.21|11.14|-1.08|1.19|0.09|0.02|4.35
5803037|-12.70|11.57|-3.15|1.17|0.09|0.00|23.07
5808053|8.13|-0.22|2.53|1.10|0.09|0.01|4.15
5813068|-30.07|6.47|-4.92|1.17|0.09|0.01|3.96
5818085|-67.96|11.53|1.28|1.22|0.09|0.02|15.15
5823100|-22.72|12.60|-7.85|1.22|0.08|-0.00|4.40
5828116|-61.21|11.44|-4.19|1.18|0.08|0.01|17.94
5833132|-33.04|11.78|-1.27|1.20|0.09|0.01|5.18
5838147|-25.73|10.51|-1.70|1.09|0.09|0.01|5.03
5843163|-34.31|7.57|0.75|1.16|0.09|0.02|16.86
5848178|-17.37|6.99|2.66|1.15|0.09|0.01|4.30
5853194|-19.17|3.03|-4.50|1.14|0.09|0.01|4.74
5858209|-25.98|1.76|0.91|1.08|0.09|0.01|25.81
5863225|2.18|9.25|0.76|1.09|0.09|0.01|4.30
5868239|17.57|6.44|8.76|1.14|0.09|0.01|3.62
5873257|50.18|-0.73|9.01|1.17|0.09|0.02|31.13
5878272|44.56|2.64|10.72|1.18|0.09|0.02|3.76
5883287|20.34|5.15|10.59|1.18|0.10|0.01|28.40
5888303|8.37|-4.05|6.80|1.20|0.09|0.02|9.29
5893318|-69.27|-5.60|-0.16|1.15|0.08|0.03|9.78
5898334|-5.37|-1.06|6.23|1.14|0.09|0.01|36.46
5903349|-22.52|2.65|11.21|1.20|0.09|0.01|5.13
5908365|-23.79|13.66|-3.35|1.22|0.09|0.00|4.01
5913380|-49.35|4.85|-6.31|1.13|0.09|0.02|15.25
5918396|-29.82|9.21|2.09|1.10|0.09|0.00|16.76
5923411|9.78|-3.10|2.76|1.18|0.10|0.01|28.59
5928428|-25.18|4.37|4.82|1.12|0.09|0.01|6.50
5933444|-34.10|7.67|0.14|1.15|0.09|0.01|4.59
5938459|-17.82|11.18|-0.44|1.12|0.09|0.01|6.06
5943475|-11.33|2.83|-3.65|1.13|0.09|0.01|3.08
5948490|-24.95|3.52|3.66|1.13|0.09|0.01|4.35
5953506|-49.21|1.42|9.56|1.21|0.09|0.02|6.50
5958521|-22.63|-6.92|-5.27|1.16|0.09|0.02|10.56
5963537|-14.23|4.32|6.69|1.14|0.10|0.01|3.52
5968552|6.68|2.08|3.40|1.15|0.09|0.01|3.67
5973568|-1.27|9.71|9.57|1.12|0.09|0.01|3.23
5978583|48.84|-5.98|10.68|1.21|0.09|0.03|3.81
5983600|38.24|-1.09|9.19|1.11|0.08|0.02|20.38
5988616|54.05|5.44|5.67|1.07|0.08|0.01|2.93
5993631|-22.03|-9.51|-6.39|1.29|0.09|0.03|3.67
5998647|4.08|16.71|-11.08|1.23|0.08|-0.00|4.15
6003662|-53.57|13.36|5.07|1.17|0.09|0.02|8.02
6008678|-21.24|3.39|-16.22|1.26|0.09|0.01|4.35
6013693|-7.82|-9.42|5.23|1.24|0.09|0.03|11.93
6018708|-85.17|-12.12|2.46|1.24|0.07|0.05|10.75
6023725|29.55|-5.90|-9.36|1.23|0.10|0.04|5.13
6028740|42.13|-7.47|-1.63|1.19|0.10|0.03|29.28
6033756|43.16|-7.79|11.58|1.22|0.09|0.04|3.08
6038772|35.12|-10.17|16.60|1.35|0.09|0.03|24.29
6043788|39.27|-11.07|-3.18|1.21|0.09|0.03|22.73
6048803|44.24|-15.62|1.60|1.20|0.09|0.04|3.13
6053819|46.81|-10.70|9.63|1.16|0.09|0.03|19.40
6058835|46.71|1.34|19.14|1.16|0.09|0.02|4.59
6063851|22.31|13.01|14.93|1.22|0.10|0.01|15.20
6068867|42.92|18.52|10.98|1.26|0.10|0.00|8.99
6073882|43.85|20.22|2.64|1.21|0.09|-0.00|3.81
6078898|43.99|17.95|-3.04|1.17|0.08|-0.00|12.56
6083913|43.78|11.85|-7.88|1.09|0.08|0.00|4.74
6088929|31.75|1.93|-11.66|1.17|0.08|0.01|16.62
6093945|28.94|-5.46|-14.27|1.25|0.09|0.02|4.89
6098961|49.52|-12.56|-1.19|1.17|0.09|0.04|11.97
6103977|28.65|1.07|17.54|1.25|0.09|0.01|3.67
6108993|25.82|10.08|18.13|1.18|0.09|0.01|21.95
6114009|16.31|14.33|14.92|1.18|0.10|0.01|7.18
6119024|4.83|8.31|15.66|1.21|0.10|0.01|3.08
6124040|14.15|-1.36|14.96|1.24|0.09|0.01|15.59
6129055|30.58|-8.03|0.62|1.17|0.09|0.02|31.48
6134071|-18.11|11.26|4.69|1.19|0.09|0.01|18.62
6139086|-54.45|7.42|-3.82|1.11|0.08|0.02|4.45
6144103|-14.50|12.56|3.08|1.13|0.10|0.01|5.38
6149118|-38.21|8.73|3.17|1.13|0.09|0.01|5.52
6154134|-14.36|6.76|1.88|1.10|0.09|0.01|5.28
6159150|50.56|7.80|6.69|1.09|0.09|0.01|3.18
6164165|35.59|8.45|10.34|1.24|0.09|0.01|14.27
6169181|10.15|6.36|11.56|1.12|0.09|0.01|3.23
6174196|39.97|0.82|0.46|1.16|0.09|0.02|3.03
6179212|32.06|-2.80|2.08|1.18|0.09|0.02|33.19
6184227|-4.22|11.49|-5.66|1.22|0.08|-0.01|13.69
6189243|-25.51|6.21|-7.31|1.17|0.09|0.01|5.08
6194259|-36.03|2.46|-6.76|1.18|0.09|0.02|19.45
6199276|11.22|-0.60|5.24|1.10|0.09|0.01|14.47
6204292|-20.37|6.63|-2.56|1.08|0.09|0.00|6.35
6209307|26.41|2.99|8.07|1.19|0.09|0.01|2.83
6214323|-6.85|1.91|-3.28|1.15|0.08|0.00|21.55
6219338|-23.03|3.78|0.85|1.13|0.09|0.01|3.81
6224354|9.75|6.70|0.25|1.08|0.09|0.00|3.62
6229369|14.13|2.07|4.90|1.16|0.09|0.01|3.52
6234385|24.58|-0.63|-0.56|1.18|0.09|0.02|3.27
6239400|27.92|1.10|1.79|1.16|0.09|0.01|22.97
6244416|-0.79|7.62|-0.99|1.14|0.09|0.00|22.19
6249432|-31.86|6.13|-5.24|1.14|0.09|0.01|5.91
6254447|-47.34|3.80|-0.62|1.12|0.09|0.02|20.53
6259462|-34.29|2.24|1.36|1.11|0.09|0.01|4.40
6264477|19.91|3.47|0.56|1.14|0.09|0.01|26.44
6269493|-7.60|6.50|1.98|1.11|0.09|0.01|19.26
6274508|-12.69|5.11|0.15|1.17|0.09|0.01|15.74
6279524|0.34|2.21|-3.16|1.17|0.09|0.01|3.62
6284539|18.44|6.24|2.48|1.12|0.09|0.00|3.32
6289555|-2.55|3.47|1.08|1.15|0.09|0.01|11.93
6294571|-4.88|1.27|2.47|1.16|0.09|0.02|3.03
6299586|0.27|4.20|0.38|1.13|0.09|0.01|3.47
6304602|31.83|2.71|0.74|1.13|0.09|0.01|5.13
6309617|-24.22|6.08|-1.21|1.18|0.09|0.00|31.13
6314635|-17.80|4.38|-4.31|1.19|0.09|0.00|3.81
6319650|-16.50|1.53|-2.65|1.15|0.09|0.02|10.95
6324666|23.95|4.72|0.84|1.09|0.09|0.01|6.70
6329681|-22.92|1.57|2.27|1.16|0.09|0.01|3.71
6334697|-4.55|1.85|0.52|1.16|0.09|0.01|29.52
6339713|26.56|4.05|0.09|1.08|0.09|0.00|19.06
6344728|-19.78|2.97|0.75|1.08|0.09|0.01|16.28
6349744|-34.65|1.45|-1.11|1.15|0.09|0.01|10.75
6354759|-13.61|-1.29|0.52|1.15|0.09|0.01|3.52
6359775|15.11|6.22|-0.76|1.11|0.09|0.01|3.23
6364790|-28.97|6.70|2.03|1.10|0.09|0.01|4.06
6369807|-21.40|4.10|-0.59|1.14|0.10|0.00|11.68
6374827|12.06|9.50|1.67|1.19|0.09|-0.00|3.32
6379842|-15.34|-1.76|-1.63|1.12|0.09|0.01|3.13
6384859|18.15|7.23|3.24|1.19|0.10|0.01|3.42
6389874|31.85|6.66|1.66|1.13|0.09|0.01|3.57
6394890|17.92|5.10|-0.53|1.14|0.09|0.01|28.98
6399905|-32.82|1.83|2.11|1.06|0.09|0.01|24.05
6404921|-15.22|2.76|0.18|1.14|0.09|0.01|4.01
6409936|-11.73|6.40|-3.85|1.18|0.09|0.00|3.67
6414952|-12.44|-1.97|-3.72|1.21|0.09|0.02|19.26
6419968|8.18|7.11|8.76|1.19|0.10|0.01|34.02
6424984|27.44|0.83|2.94|1.11|0.09|0.01|4.50
6430000|5.91|5.14|-0.24|1.13|0.09|0.01|2.98
6435015|-9.89|2.50|-0.89|1.15|0.09|0.02|3.47
6440031|-19.61|3.96|-0.36|1.11|0.09|0.00|3.52
6445046|4.74|2.42|4.49|1.14|0.09|0.01|5.62
6450062|-35.76|6.63|-2.20|1.15|0.08|0.01|24.88
6455077|-42.48|6.05|-1.27|1.17|0.09|0.01|3.67
6460093|-33.13|1.59|0.69|1.12|0.09|0.01|25.56
6465108|-23.53|1.97|0.91|1.17|0.09|0.01|3.86
6470124|-33.33|0.65|0.46|1.15|0.09|0.01|11.44
6475140|-29.25|3.15|-1.92|1.11|0.09|0.01|4.50
6480156|-17.41|3.97|0.00|1.16|0.09|0.02|13.39
6485172|-11.27|2.82|-2.28|1.19|0.09|0.01|17.99
6490187|-4.70|2.73|4.92|1.16|0.09|0.01|3.18
6495203|1.40|4.84|-0.89|1.15|0.09|0.01|3.71
6500218|16.53|6.78|4.32|1.11|0.09|0.01|2.74
6505234|36.27|4.68|5.12|1.13|0.09|0.01|31.28
6510249|18.69|4.38|1.80|1.16|0.09|0.00|3.57
6515265|0.79|4.56|-0.69|1.09|0.09|0.01|3.18
6520281|-8.32|2.80|1.30|1.12|0.09|0.01|3.42
6525296|1.97|2.78|0.47|1.14|0.09|0.01|3.91
6530312|-6.88|4.86|6.91|1.16|0.09|0.00|13.10
6535332|-29.16|3.66|-5.46|1.12|0.08|-0.00|26.98
6540348|-31.87|-2.95|0.18|1.18|0.08|0.02|3.52
6545363|-1.39|9.98|6.26|1.12|0.10|0.01|4.59
6550379|18.68|2.40|6.37|1.19|0.09|0.01|3.57
6555395|14.44|-1.53|5.86|1.14|0.09|0.01|2.98
6560410|14.42|2.96|-6.10|1.18|0.09|0.01|3.57
6565426|4.40|8.88|-8.15|1.20|0.09|0.01|6.16
6570441|-21.91|-0.73|6.50|1.08|0.09|0.01|6.84
6575457|-8.90|7.56|-5.21|1.20|0.09|0.00|4.25
6580472|-47.19|6.28|-11.85|1.22|0.08|0.01|20.23
6585489|-58.29|3.26|1.56|1.11|0.08|0.02|6.94
6590505|-57.02|6.34|-3.34|1.15|0.08|0.02|4.30
6595521|-59.21|6.82|1.99|1.19|0.09|0.02|4.30
6600537|-36.99|3.37|6.76|1.18|0.09|0.02|8.06
6605552|-26.79|6.25|6.60|1.17|0.10|0.01|18.18
6610568|-24.53|5.58|-3.24|1.13|0.09|0.01|5.47
6615583|-25.56|2.59|-0.64|1.11|0.09|0.01|3.57
6620599|-24.76|4.69|4.89|1.16|0.09|0.01|25.42
6625614|-1.48|7.41|4.91|1.18|0.10|0.01|3.57
6630629|29.82|-0.10|-2.40|1.18|0.09|0.02|3.27
6635644|-12.27|9.37|-5.11|1.21|0.09|-0.00|29.28
6640660|-11.66|4.08|-5.76|1.17|0.09|0.01|3.52
6645678|-18.40|2.49|-0.47|1.14|0.09|0.01|3.03
6650693|-1.80|2.55|-0.60|1.10|0.09|0.00|22.68
6655709|27.95|5.04|4.39|1.14|0.09|0.01|10.22
6660724|7.27|1.30|0.30|1.15|0.09|0.02|3.52
6665739|-15.69|0.24|1.60|1.19|0.09|0.01|3.27
6670754|1.29|6.47|9.95|1.20|0.09|0.01|4.74
6675770|5.92|3.98|-4.15|1.13|0.09|0.01|4.50
6680785|15.21|2.08|5.15|1.09|0.09|0.00|3.27
6685801|-13.36|3.80|0.27|1.15|0.09|0.00|3.13
6690817|-3.06|5.76|-0.07|1.19|0.09|0.01|9.92
6695832|-17.92|-1.74|1.18|1.18|0.09|0.02|27.71
6700849|-13.95|3.21|3.67|1.13|0.09|0.00|8.46
6705864|-25.26|5.02|1.37|1.11|0.09|0.01|3.23
6710880|0.00|3.62|0.12|1.08|0.09|0.00|4.84
6715895|-25.97|2.83|2.33|1.11|0.09|0.01|27.71
6720911|-39.63|1.76|2.40|1.16|0.09|0.01|3.67
6725926|-24.82|5.85|6.14|1.20|0.09|0.01|22.34
6730941|-14.50|5.95|-0.19|1.14|0.08|0.01|7.04
6735956|-37.79|1.97|-1.40|1.11|0.09|0.01|3.86
6740972|-25.44|-0.53|-2.92|1.10|0.09|0.01|9.14
6745988|-26.02|0.33|-1.04|1.11|0.08|0.01|3.81
6751003|-2.40|4.65|0.69|1.13|0.09|0.00|22.48
6756020|2.05|0.77|3.41|1.18|0.09|0.01|33.68
6761035|-8.02|5.19|0.80|1.14|0.09|0.01|23.41
6766051|-18.91|3.47|1.30|1.15|0.09|0.02|3.13
6771066|-26.83|1.91|2.24|1.18|0.09|0.01|4.30
6776082|-15.37|2.56|5.03|1.14|0.09|0.01|23.80
6781097|-28.09|2.18|5.19|1.15|0.09|0.01|2.64
6786113|-31.37|0.56|2.78|1.10|0.08|0.01|32.21
6791129|-33.92|0.31|1.02|1.15|0.09|0.01|3.13
6796144|-26.81|6.62|-2.24|1.17|0.09|0.02|24.10
6801160|-45.18|6.47|-3.21|1.19|0.08|0.01|3.52
6806175|-51.31|9.35|2.02|1.20|0.09|0.02|5.23
6811192|-39.85|4.24|1.09|1.12|0.08|0.01|26.64
6816207|-32.53|3.10|0.59|1.12|0.09|0.01|3.23
6821223|-6.18|1.92|-2.85|1.16|0.09|0.01|30.11
6826238|-7.17|3.24|7.45|1.18|0.09|0.01|19.45
6831254|-29.53|8.49|1.60|1.19|0.09|0.01|3.47
6836270|-29.92|6.23|-3.10|1.18|0.09|0.01|4.20
6841285|-29.18|3.40|-1.64|1.15|0.09|0.01|7.04
6846301|-28.77|1.47|-0.36|1.08|0.09|0.00|4.50
6851316|-9.14|2.24|1.73|1.12|0.09|0.00|13.88
6856331|-27.70|2.96|1.81|1.17|0.09|0.01|3.13
6861346|-39.69|4.95|0.66|1.17|0.09|0.01|10.70
6866364|-29.36|4.76|-1.02|1.13|0.09|0.01|4.11
6871379|-33.63|2.20|0.46|1.08|0.09|0.01|8.46
6876394|-40.48|2.27|1.23|1.14|0.09|0.01|6.65
6881410|-43.76|1.61|-1.28|1.17|0.09|0.02|15.40
6886425|-23.94|3.50|-3.29|1.19|0.10|0.02|3.81
6891441|-10.49|1.02|-0.31|1.12|0.09|0.01|9.04
6896456|12.71|5.34|1.27|1.15|0.09|0.02|16.13
6901472|-0.72|5.37|2.95|1.16|0.09|0.00|9.68
6906487|0.31|1.74|1.96|1.13|0.09|0.00|4.89
6911503|0.18|5.18|1.75|1.15|0.09|0.01|20.67
6916518|-10.90|3.64|0.72|1.14|0.09|0.01|33.38
6921535|-18.72|4.87|1.47|1.12|0.09|0.01|4.45
6926551|5.36|5.89|-1.63|1.14|0.09|0.01|3.62
6931566|4.85|2.30|3.69|1.13|0.09|0.01|3.32
6936582|8.62|1.24|2.50|1.12|0.09|0.01|2.69
6941597|0.02|6.19|-2.81|1.18|0.09|0.00|3.13
6946612|-22.74|-1.44|2.28|1.18|0.09|0.02|3.08
6951627|-15.07|5.43|3.93|1.15|0.09|0.01|21.41
6956643|-19.17|3.66|-0.47|1.07|0.09|0.00|9.58
6961658|-11.39|6.28|1.68|1.15|0.09|0.01|3.47
6966674|-29.31|7.35|-2.99|1.19|0.09|0.00|3.57
6971689|-20.14|4.43|0.13|1.11|0.09|0.01|21.85
6976706|-6.40|4.47|-0.45|1.15|0.09|0.01|3.71
6981722|-25.63|5.44|-0.95|1.18|0.09|0.01|3.23
6986737|-20.64|2.69|-1.66|1.13|0.09|0.01|21.85
6991753|-15.48|3.85|1.32|1.08|0.09|0.00|4.30
6996768|-12.13|4.38|-0.79|1.10|0.09|0.01|2.69
7001784|-1.51|3.15|1.60|1.16|0.09|0.01|4.15
7006799|6.08|4.89|3.05|1.17|0.10|0.01|5.57
7011815|23.73|2.97|-0.37|1.13|0.09|0.01|4.01
7016830|10.64|4.39|1.15|1.15|0.09|0.00|3.32
7021846|12.32|4.29|-1.89|1.17|0.09|0.01|3.42
7026862|25.95|6.69|2.69|1.08|0.09|0.01|7.97
7031877|-28.27|4.10|-1.40|1.16|0.09|0.01|10.80
7036894|-43.53|6.86|0.19|1.17|0.09|0.01|3.62
7041909|-37.62|6.25|2.49|1.17|0.09|0.01|6.26
7046925|-27.20|3.25|1.21|1.12|0.09|0.00|6.50
7051940|-18.13|2.79|2.65|1.13|0.09|0.01|13.88
7056956|3.25|4.98|3.14|1.17|0.09|0.01|3.23
7061970|11.72|4.34|0.31|1.11|0.09|0.01|3.13
7066986|15.60|4.92|3.28|1.14|0.09|0.01|6.35
7072002|-10.47|4.10|-3.49|1.21|0.09|0.01|20.82
7077017|0.40|-0.54|-1.10|1.17|0.09|0.01|3.37
7082033|20.23|10.66|1.36|1.16|0.09|-0.00|10.90
7087048|11.16|2.40|2.81|1.07|0.09|0.01|33.14
7092065|-20.55|3.87|2.79|1.15|0.09|0.01|24.58
7097080|-5.55|5.89|4.82|1.19|0.09|0.00|3.37
7102096|-0.38|2.59|-5.28|1.20|0.10|0.01|3.27
7107111|-17.98|-3.96|3.15|1.17|0.09|0.01|3.08
7112127|-5.65|2.47|1.94|1.09|0.09|0.00|10.90
7117143|13.38|6.92|2.92|1.19|0.09|0.01|19.50
7122158|25.37|0.19|0.29|1.17|0.09|0.01|4.59
7127174|34.18|4.60|-0.03|1.08|0.09|0.01|3.37
7132189|24.42|5.11|1.18|1.18|0.09|0.01|24.44
7137205|24.99|5.16|-0.45|1.12|0.09|0.00|5.13
7142220|13.98|8.27|3.69|1.10|0.09|0.01|3.76
7147237|25.34|8.14|5.37|1.12|0.09|0.01|9.48
7152252|31.69|6.95|8.63|1.13|0.09|0.01|22.92
7157268|35.00|9.40|7.03|1.14|0.09|0.01|3.47
7162283|3.89|6.85|5.73|1.13|0.09|0.01|15.98
7167298|-0.05|-4.07|2.73|1.15|0.09|0.01|28.45
7172314|-30.99|6.47|4.65|1.13|0.09|0.01|3.52
7177329|-33.11|10.21|-1.21|1.18|0.09|0.01|13.34
7182345|-31.51|7.73|1.24|1.11|0.09|0.01|4.15
7187360|-30.70|3.82|-3.65|1.15|0.09|0.01|16.96
7192376|-33.85|-2.56|-1.84|1.18|0.09|0.02|2.98
7197391|-19.44|-1.22|0.47|1.13|0.09|0.01|28.49
7202409|-5.72|3.44|2.40|1.05|0.09|0.00|3.76
7207424|-5.05|6.64|0.16|1.22|0.09|0.01|3.03
7212439|-1.84|4.77|1.70|1.10|0.09|-0.00|2.79
7217455|18.69|1.38|3.42|1.13|0.09|0.01|3.13
7222470|8.18|2.76|-0.40|1.16|0.09|0.01|2.83
7227486|2.84|4.37|1.47|1.09|0.09|0.00|3.32
7232501|-24.42|1.54|0.43|1.10|0.09|0.01|3.42
7237517|-31.69|-1.05|0.61|1.19|0.09|0.01|24.68
7242532|-24.76|5.07|2.15|1.16|0.09|0.01|3.37
7247548|-0.66|1.69|-4.35|1.14|0.09|0.01|3.67
7252563|23.60|9.69|3.35|1.11|0.10|0.00|2.93
7257580|0.50|1.51|4.35|1.15|0.09|0.00|2.69
7262596|8.88|0.09|-2.18|1.18|0.10|0.01|3.18
7267610|8.40|6.13|0.58|1.08|0.09|0.01|3.32
7272626|-19.34|1.53|2.56|1.13|0.09|0.01|2.83
7277641|-21.65|5.46|0.44|1.18|0.09|0.01|4.01
7282657|-2.40|0.79|-2.73|1.17|0.09|0.01|24.10
7287672|17.92|5.50|0.31|1.15|0.09|0.01|27.32
7292688|17.18|7.28|1.82|1.13|0.09|0.00|8.31
7297703|5.02|2.64|3.84|1.15|0.09|0.01|3.62
7302719|16.37|2.47|1.15|1.13|0.09|0.01|2.83
7307735|32.83|3.53|0.92|1.13|0.09|0.01|2.88
7312751|40.11|3.90|2.70|1.15|0.09|0.01|28.30
7317767|21.31|1.97|2.76|1.11|0.09|0.00|2.79
7322795|14.00|1.76|-0.98|1.16|0.09|0.00|2.59
7327810|31.39|6.65|3.34|1.13|0.09|0.01|23.17
7332826|30.88|2.50|-0.50|1.10|0.09|0.01|4.84
7337841|20.57|4.58|-3.15|1.18|0.09|0.01|2.93
7342857|10.53|4.98|5.11|1.17|0.10|0.00|12.07
7347872|13.84|5.61|-0.24|1.13|0.09|0.01|24.29
7352888|15.33|2.14|5.87|1.12|0.09|0.01|22.14
7357903|-1.76|2.92|-1.20|1.17|0.09|-0.00|3.76
7362919|-5.42|2.02|-1.35|1.14|0.09|0.01|6.01
7367937|-4.21|0.82|3.18|1.14|0.09|0.01|27.13
7372952|-36.07|0.27|2.86|1.16|0.09|0.02|13.73
7377968|-25.09|3.37|-2.14|1.13|0.09|0.01|3.71
7382983|-39.05|2.48|-4.36|1.16|0.09|0.01|10.80
7387999|-30.31|5.95|-3.49|1.11|0.09|0.01|5.96
7393014|-20.65|5.80|-0.05|1.17|0.10|0.01|11.05
7398030|-14.95|1.14|1.63|1.17|0.09|0.02|2.54
7403045|-14.85|5.44|4.86|1.16|0.09|0.01|9.97
7408061|-21.74|7.30|-0.37|1.13|0.09|0.00|20.97
7413076|-12.01|0.85|1.78|1.18|0.09|0.01|2.74
7418092|-0.87|9.15|5.92|1.20|0.10|0.00|2.98
7423113|12.91|2.67|2.24|1.10|0.09|0.01|3.37
7428128|28.83|6.98|2.90|1.15|0.09|0.01|2.79
7433143|23.88|3.83|5.63|1.16|0.09|0.00|30.16
7438158|33.92|3.94|1.83|1.10|0.09|0.02|3.76
7443174|40.44|4.13|2.03|1.16|0.09|0.01|7.62
7448189|33.47|6.77|4.21|1.14|0.09|0.01|8.16
7453205|24.16|4.86|3.72|1.11|0.09|0.02|2.44
7458221|13.74|4.46|2.03|1.17|0.10|0.01|21.55
7463236|9.98|3.06|2.87|1.12|0.09|0.00|32.70
7468252|-12.53|3.44|1.77|1.10|0.09|0.01|24.29
7473267|-7.77|4.18|0.68|1.18|0.09|0.00|4.30
7478282|-17.18|6.17|-3.26|1.15|0.09|0.00|2.98
7483299|-18.38|3.85|-0.76|1.10|0.09|0.01|4.15
7488315|-26.92|3.63|0.01|1.16|0.09|0.01|21.99
7493330|-37.80|4.79|0.63|1.14|0.09|0.01|3.32
7498346|-26.17|1.40|-0.50|1.12|0.09|0.01|26.34
7503362|-28.52|0.66|0.26|1.16|0.09|0.02|3.32
7508376|-21.60|2.27|2.92|1.14|0.09|0.01|24.73
7513392|-23.32|4.74|-0.22|1.13|0.09|0.01|3.52
7518407|-18.37|1.61|-1.01|1.17|0.09|0.01|3.96
7523423|-10.50|3.43|1.89|1.13|0.09|0.00|29.62
7528438|-14.42|2.77|-0.44|1.16|0.09|0.01|5.91
7533454|-23.84|2.03|2.18|1.15|0.09|0.01|2.79
7538471|-19.22|2.63|1.11|1.13|0.09|0.01|16.52
7543487|-13.92|0.76|2.28|1.17|0.09|0.01|20.38
7548503|-12.55|2.36|2.83|1.15|0.09|0.00|2.88
7553518|-2.95|7.04|4.29|1.10|0.09|0.01|2.49
7558533|-3.47|7.70|-0.76|1.16|0.09|0.01|3.57
7563548|0.22|2.90|-0.98|1.10|0.09|0.01|4.69
7568564|0.36|-0.79|3.98|1.14|0.09|0.00|11.24
7573579|38.24|3.41|0.59|1.19|0.09|0.01|4.15
7578595|34.20|-0.13|2.19|1.17|0.09|0.01|2.98
7583610|28.99|2.17|3.46|1.11|0.09|0.01|13.34
7588626|11.45|4.16|0.66|1.16|0.09|0.00|3.08
7593643|18.50|3.22|2.84|1.14|0.09|0.01|2.93
7598658|-4.43|3.89|0.50|1.13|0.09|0.00|2.39
7603674|17.92|4.83|0.97|1.14|0.09|0.01|2.88
7608689|8.21|6.60|3.23|1.16|0.09|0.01|4.25
7613705|12.37|0.31|-1.13|1.13|0.09|0.01|10.56
7618720|6.49|5.98|2.24|1.15|0.10|0.01|21.85
7623736|6.06|6.26|-0.19|1.15|0.09|0.00|25.42
7628751|-9.22|0.83|-2.37|1.14|0.09|0.01|20.09
7633767|-1.75|2.58|4.17|1.16|0.09|0.01|3.96
7638782|-1.56|2.63|1.53|1.13|0.09|0.01|2.59
7643797|-18.74|4.76|2.40|1.16|0.09|0.01|2.88
7648815|-12.12|3.71|1.40|1.12|0.09|0.00|6.16
7653830|-25.92|2.85|2.56|1.13|0.09|0.01|29.57
7658846|-31.25|3.62|4.29|1.13|0.09|0.01|3.08
7663861|-21.92|6.29|3.53|1.19|0.09|0.00|20.82
7668877|-1.36|3.47|-5.85|1.16|0.09|0.01|3.18
7673891|4.83|4.69|4.56|1.12|0.09|0.00|2.59
7678907|1.21|3.07|2.86|1.14|0.09|0.01|2.35
7683922|-6.54|4.50|-1.76|1.15|0.09|0.00|3.03
7688938|-15.92|0.75|1.23|1.16|0.09|0.01|2.88
7693954|-12.24|3.89|1.71|1.09|0.09|0.00|11.88
7698969|-2.80|5.27|0.89|1.18|0.10|0.01|24.00
7703986|3.87|4.71|-3.09|1.15|0.09|0.00|19.06
7709001|16.31|3.71|2.25|1.10|0.09|0.00|27.91
7714017|15.12|8.21|0.77|1.20|0.09|0.00|14.76
7719032|8.23|0.27|4.18|1.15|0.09|0.00|3.32
7724048|-12.26|4.23|0.79|1.09|0.09|0.01|6.79
7729063|-5.16|2.56|2.43|1.15|0.09|0.00|27.17
7734079|7.17|5.58|-0.60|1.15|0.09|0.00|20.14
7739095|11.57|1.88|2.04|1.09|0.09|0.01|30.79
7744110|20.31|4.37|2.27|1.17|0.09|0.01|20.48
7749126|24.41|2.69|5.09|1.17|0.09|0.01|3.18
7754141|28.36|1.72|2.61|1.13|0.10|0.00|2.59
7759158|30.40|3.84|4.05|1.10|0.09|0.01|24.19
7764173|12.16|1.08|1.55|1.16|0.09|0.01|4.06
7769189|27.15|3.40|-0.83|1.15|0.09|0.02|2.83
7774204|26.79|3.55|5.53|1.09|0.09|0.00|6.16
7779220|30.23|1.09|1.95|1.17|0.09|0.01|10.46
7784236|32.69|0.83|2.02|1.18|0.09|0.01|2.93
7789250|31.72|0.76|0.95|1.16|0.10|0.01|18.23
7794266|25.45|3.09|1.86|1.09|0.09|0.00|5.28
7799281|34.91|6.17|2.39|1.17|0.09|0.01|2.74
7804297|31.82|2.11|4.53|1.16|0.09|0.01|25.07
7809312|22.40|4.08|2.61|1.08|0.09|0.00|3.52
7814328|13.56|1.48|2.53|1.15|0.09|0.01|2.88
7819344|-0.15|5.28|-1.39|1.16|0.09|0.00|2.59
7824360|-5.27|2.63|1.85|1.13|0.10|0.01|2.59
7829376|-10.34|1.03|1.44|1.11|0.09|0.00|2.69
7834391|-0.35|5.22|3.56|1.17|0.09|0.01|3.37
7839407|13.14|2.44|-0.88|1.15|0.09|0.01|4.06
7844422|26.58|4.77|1.65|1.12|0.09|0.01|2.74
7849438|23.20|2.60|1.21|1.17|0.09|0.01|8.02
7854453|23.20|1.85|1.15|1.09|0.09|0.01|20.82
7859469|17.04|4.52|1.33|1.18|0.09|0.01|3.13
7864484|21.72|7.91|-0.91|1.18|0.09|0.01|2.98
7869500|12.47|5.21|4.09|1.12|0.09|0.00|2.54
7874516|5.75|3.88|1.63|1.15|0.09|0.01|3.03
7879532|13.20|2.92|-1.08|1.18|0.09|0.01|8.65
7884548|22.20|4.77|1.95|1.10|0.09|0.00|29.37
7889563|18.05|2.32|2.54|1.16|0.09|0.00|3.86
7894579|11.44|7.84|-0.07|1.16|0.09|0.00|2.79
7899593|7.82|3.77|2.34|1.13|0.09|-0.00|2.88
7904609|-1.70|0.59|2.52|1.17|0.09|0.01|2.59
7909624|-4.89|4.74|0.94|1.12|0.09|-0.00|2.69
7914640|15.96|3.00|2.56|1.16|0.09|0.01|3.03
7919655|16.56|1.38|2.14|1.17|0.09|0.00|2.59
7924671|10.21|5.48|-0.06|1.12|0.09|0.00|3.23
7929688|4.71|4.47|3.42|1.14|0.09|0.01|8.16
7934703|0.04|1.91|2.39|1.17|0.09|0.01|6.11
7939719|-3.58|4.86|0.44|1.12|0.09|0.01|2.79
7944734|0.22|3.40|1.77|1.11|0.09|0.01|2.88
7949750|9.97|4.94|2.15|1.15|0.09|0.01|2.54
7954765|11.15|1.67|-0.04|1.12|0.10|0.01|2.98
7959781|25.98|7.11|0.11|1.16|0.09|0.01|22.83
7964796|16.40|4.42|-0.46|1.17|0.09|0.01|9.92
7969812|12.10|8.23|5.35|1.16|0.10|0.00|3.23
7974827|15.50|3.15|3.21|1.08|0.09|0.00|2.88
7979842|7.60|4.48|0.82|1.17|0.10|0.01|2.98
7984858|12.48|2.09|0.02|1.13|0.09|0.01|2.98
7989874|18.12|4.04|1.14|1.11|0.09|0.00|8.75
7994890|4.06|5.05|0.15|1.18|0.09|0.00|29.08
7999905|-4.31|0.27|3.27|1.16|0.09|0.00|26.98
8004921|-6.81|4.24|0.73|1.11|0.09|0.01|6.16
8009936|10.40|5.18|1.68|1.16|0.09|0.00|2.83
8014952|13.24|0.64|3.21|1.18|0.10|0.01|7.53
8019968|14.60|3.72|-0.71|1.12|0.09|0.00|21.60
8024983|11.14|3.66|1.21|1.13|0.09|0.01|30.30
8029999|5.41|6.08|1.67|1.17|0.09|0.01|15.59
8035014|8.15|-0.31|0.71|1.16|0.09|0.00|10.46
8040030|8.32|5.40|1.50|1.10|0.09|-0.00|4.55
8045046|18.37|2.79|0.60|1.17|0.09|0.01|3.03
8050062|18.87|6.69|5.57|1.18|0.09|0.01|2.59
8055077|22.08|1.93|4.14|1.12|0.09|0.01|8.31
8060093|6.85|4.43|-0.05|1.14|0.09|0.00|24.10
8065108|15.05|1.36|0.47|1.16|0.09|0.01|24.19
8070124|24.38|3.76|0.68|1.11|0.09|0.01|4.30
8075140|26.49|3.93|2.46|1.16|0.10|0.01|2.35
8080155|22.06|2.82|0.73|1.12|0.09|0.01|12.51
8085171|28.11|4.89|-0.01|1.14|0.09|0.00|16.81
8090186|19.07|6.58|0.11|1.17|0.09|0.00|2.93
8095201|14.89|3.06|1.53|1.10|0.09|0.01|2.44
8100218|15.37|6.66|2.37|1.18|0.09|0.01|12.17
8105234|4.58|0.73|4.07|1.15|0.09|0.01|27.86
8110248|-1.99|3.78|2.08|1.09|0.09|0.00|23.02
8115264|-9.98|4.37|2.08|1.17|0.09|0.01|11.88
8120280|-4.05|6.09|-3.74|1.14|0.09|0.01|3.13
8125295|2.50|1.20|3.74|1.16|0.09|0.01|2.44
8130311|2.63|2.67|1.31|1.12|0.09|0.00|2.44
8135326|-14.21|5.66|3.34|1.15|0.09|0.01|2.88
8140342|0.80|5.02|0.42|1.17|0.09|0.00|3.67
8145357|-1.27|3.47|1.22|1.12|0.09|0.01|4.30
8150373|-16.07|2.78|0.55|1.18|0.10|0.01|26.74
8155389|-12.74|1.53|-1.81|1.15|0.09|0.00|6.89
8160405|-4.88|2.27|0.87|1.12|0.09|0.01|2.30
8165421|-13.13|3.17|3.11|1.16|0.09|0.01|2.88
8170436|-9.41|6.54|4.07|1.17|0.09|0.00|4.40
8175452|-2.67|4.31|1.91|1.11|0.09|-0.00|19.79
8180467|-7.85|3.56|-2.52|1.17|0.09|0.00|26.00
8185483|-12.57|1.15|2.32|1.11|0.09|0.01|6.94
8190498|-14.06|3.64|0.79|1.18|0.10|0.01|2.54
8195514|-10.28|0.18|-0.31|1.18|0.09|0.01|2.79
8200529|-5.02|4.75|3.64|1.11|0.09|0.00|11.68
8205545|-12.07|4.11|-0.34|1.16|0.09|0.01|27.17
8210562|-14.78|4.52|5.03|1.16|0.09|0.00|7.48
8215577|-18.44|3.99|-1.76|1.11|0.09|0.01|2.93
8220593|-19.12|0.05|0.18|1.18|0.09|0.01|8.46
8225608|-25.56|2.45|4.50|1.16|0.09|0.01|15.44
8230624|-26.34|4.23|0.74|1.11|0.09|0.01|2.83
8235639|-22.24|3.29|-1.91|1.18|0.09|0.01|24.34
8240659|-16.48|0.02|0.08|1.14|0.09|0.00|3.42
8245675|-15.95|3.36|0.82|1.12|0.09|0.00|2.59
8250690|-20.94|1.85|-0.82|1.17|0.09|0.00|17.06
8255706|-15.71|0.89|1.12|1.13|0.09|0.01|9.43
8260721|-19.52|2.28|1.80|1.14|0.09|0.01|2.64
8265739|-16.16|1.30|1.82|1.18|0.10|0.01|6.11
8270754|-12.96|2.35|3.15|1.13|0.09|0.00|28.93
8275770|-19.92|3.33|3.15|1.13|0.09|0.00|3.27
8280785|-10.28|3.90|2.61|1.17|0.10|0.01|2.93
8285801|-8.36|6.98|1.37|1.15|0.09|0.00|12.07
8290817|1.18|2.86|-0.89|1.14|0.09|0.00|26.34
8295832|-4.73|1.56|1.05|1.15|0.09|0.01|28.45
8300848|-5.85|2.30|1.90|1.13|0.09|0.00|22.53
8305863|-19.39|4.66|3.56|1.17|0.09|0.01|2.98
8310879|-17.82|5.09|2.46|1.12|0.09|0.01|2.69
8315894|-18.47|4.37|1.57|1.15|0.09|0.01|26.74
8320910|-21.69|3.91|2.37|1.14|0.09|0.01|4.59
8325931|-23.50|5.35|0.15|1.10|0.09|0.01|2.93
8330946|-17.15|4.89|-0.48|1.16|0.09|0.01|27.37
8335962|-15.51|3.75|1.81|1.14|0.09|0.01|3.27
8340977|-14.80|6.21|-0.80|1.14|0.09|0.01|2.88
8345993|-8.28|2.96|-0.83|1.16|0.09|0.01|8.16
8351008|-2.76|1.33|-1.31|1.13|0.09|0.00|22.19
8356025|0.44|5.05|4.50|1.16|0.09|0.01|32.11
8361040|-1.15|1.88|2.24|1.17|0.10|0.01|23.75
8366056|-1.64|4.98|0.11|1.13|0.09|0.01|7.82
8371072|-14.79|1.20|0.81|1.16|0.09|0.01|2.74
8376087|-6.02|4.02|3.51|1.13|0.09|0.01|2.93
8381104|-6.01|4.90|-0.18|1.15|0.10|0.00|2.59
8386119|-8.85|4.96|0.82|1.12|0.09|0.01|4.30
8391135|7.95|1.11|1.04|1.16|0.09|0.01|22.48
8396150|15.03|3.27|-1.46|1.10|0.09|0.00|6.65
8401166|12.76|5.79|3.02|1.18|0.09|0.00|2.88
8406181|11.56|4.60|3.49|1.12|0.09|0.01|2.54
8411197|17.10|2.82|4.66|1.12|0.09|0.01|2.93
8416212|25.40|2.25|0.57|1.14|0.09|0.01|12.56
8421228|25.08|8.18|4.63|1.14|0.09|0.01|15.88
8426244|22.84|1.39|6.68|1.16|0.09|0.01|3.03
8431259|20.22|5.42|2.31|1.13|0.09|0.00|2.64
8436276|14.59|0.09|7.80|1.19|0.10|0.01|25.66
8441291|8.05|2.97|-1.38|1.11|0.09|0.00|25.07
8446307|-0.81|4.75|1.86|1.17|0.09|0.00|29.77
8451322|-0.91|1.53|4.18|1.14|0.10|0.00|31.67
8456338|-8.79|5.47|-0.69|1.14|0.09|0.01|11.63
8461353|-8.36|3.02|3.23|1.16|0.09|0.01|2.64
8466369|-7.02|4.18|-1.85|1.13|0.09|0.01|3.03
8471384|-7.56|2.05|2.57|1.17|0.09|0.00|2.69
8476399|-1.86|0.96|-2.90|1.16|0.09|0.00|6.16
8481415|12.08|5.12|4.28|1.10|0.09|-0.00|10.70
8486430|8.45|2.60|0.52|1.18|0.09|0.01|3.03
8491447|10.44|2.21|0.94|1.13|0.09|0.01|2.74
8496462|7.08|6.04|1.09|1.17|0.09|0.01|2.83
8501478|7.89|4.63|-0.89|1.15|0.09|0.01|3.03
8506493|7.39|4.28|1.01|1.10|0.09|0.01|2.30
8511509|-3.18|3.05|1.01|1.17|0.09|0.01|2.98
8516525|0.18|3.55|0.71|1.14|0.09|0.01|2.74
8521540|-3.50|3.95|0.79|1.16|0.09|0.00|2.64
8526556|-5.53|3.01|3.99|1.15|0.09|0.01|2.88
8531571|-4.14|6.53|-0.53|1.15|0.09|0.00|13.39
8536587|-2.09|1.72|1.62|1.13|0.09|0.01|25.95
8541602|-1.93|3.08|2.02|1.16|0.10|0.00|23.75
8546619|-3.78|6.31|3.74|1.11|0.09|0.00|15.40
8551634|-19.26|4.40|-2.31|1.18|0.09|0.01|2.74
8556650|-18.06|3.02|1.53|1.10|0.09|0.01|2.69
8561666|-12.23|4.67|-0.21|1.16|0.10|0.00|18.13
8566681|-2.63|1.89|0.22|1.13|0.09|0.01|22.97
8571697|10.87|4.35|0.73|1.15|0.09|0.00|23.46
8576712|15.63|8.81|2.27|1.16|0.10|0.00|28.74
8581728|19.35|5.36|3.07|1.12|0.09|0.01|9.29
8586743|27.98|5.46|4.41|1.15|0.09|0.00|2.79
8591759|28.16|4.39|2.18|1.15|0.09|0.01|6.45
8596774|29.10|8.69|1.64|1.15|0.09|0.00|15.40
8601789|23.81|4.93|5.18|1.12|0.09|0.01|2.64
8606807|22.94|3.85|-0.74|1.18|0.09|0.00|2.79
8611822|25.10|7.30|3.72|1.14|0.09|0.01|31.09
8616838|23.02|2.89|3.11|1.14|0.09|0.01|3.62
8621852|18.69|6.91|0.89|1.16|0.09|0.00|2.69
8626868|14.30|2.57|3.45|1.12|0.09|0.01|2.74
8631883|6.32|5.21|1.29|1.16|0.09|0.01|13.25
8636899|6.01|3.76|-1.02|1.14|0.09|0.01|15.93
8641914|0.03|3.06|3.69|1.15|0.09|0.01|23.31
8646930|2.17|4.79|0.88|1.11|0.09|0.00|18.82
8651945|-5.94|4.95|-0.71|1.17|0.09|0.01|4.06
8656961|-0.44|5.07|2.45|1.16|0.09|0.00|2.44
8661978|4.47|3.10|0.80|1.10|0.09|-0.00|2.69
8666993|8.82|5.63|2.06|1.17|0.09|0.00|2.39
8672009|9.56|2.94|2.07|1.11|0.09|0.00|2.69
8677024|-1.45|2.69|1.69|1.17|0.09|0.01|2.59
8682040|-1.30|2.50|1.60|1.14|0.09|0.01|2.44
8687055|0.66|2.78|0.67|1.13|0.09|-0.00|2.35
8692071|7.67|7.19|2.66|1.17|0.10|0.01|2.49
8697085|11.89|4.58|1.88|1.09|0.09|0.00|2.54
8702101|4.36|3.37|1.84|1.18|0.09|0.00|3.08
8707117|3.69|4.68|-0.36|1.12|0.09|0.01|2.98
8712132|-1.51|4.32|2.05|1.13|0.09|-0.00|2.44
8717149|0.72|2.33|0.24|1.17|0.09|0.01|2.39
8722164|3.08|5.50|2.14|1.13|0.09|0.00|2.49
8727180|5.76|4.26|1.73|1.16|0.09|0.01|2.54
8732195|10.39|0.14|1.97|1.17|0.09|0.01|2.49
8737211|11.77|6.30|0.94|1.11|0.09|-0.00|2.98
8742226|11.90|3.02|2.52|1.17|0.10|0.01|19.70
8747242|13.98|6.63|4.21|1.15|0.09|0.00|31.09
8752258|25.18|2.71|4.82|1.17|0.09|0.01|7.09
8757273|24.76|5.18|4.62|1.14|0.09|0.01|2.39
8762289|30.27|5.98|6.11|1.15|0.09|0.00|17.79
8767304|31.60|6.54|5.83|1.15|0.09|0.01|7.23
8772320|31.38|3.89|3.91|1.15|0.09|0.01|2.54
8777336|29.29|4.79|3.05|1.13|0.09|0.00|23.02
8782352|29.77|4.24|3.88|1.17|0.09|0.01|3.18
8787367|28.76|5.95|5.02|1.12|0.09|0.00|2.64
8792383|21.65|3.56|5.27|1.17|0.10|0.00|23.17
8797399|16.66|5.62|3.91|1.11|0.09|0.00|3.57
8802413|7.89|1.48|1.89|1.16|0.09|0.00|2.69
8807429|9.02|5.21|1.15|1.12|0.09|0.01|2.83
8812444|3.94|3.43|2.16|1.17|0.09|0.00|2.39
8817460|8.17|4.02|2.31|1.11|0.09|0.00|2.25
8822475|13.37|2.99|0.18|1.16|0.10|0.00|2.88
8827491|11.12|7.38|3.16|1.12|0.09|0.00|2.69
8832507|14.03|1.98|2.66|1.17|0.09|0.01|15.69
8837523|13.42|4.37|0.76|1.13|0.09|0.00|27.96
8842539|8.81|2.77|1.36|1.16|0.09|0.00|20.48
8847554|10.88|7.35|2.24|1.12|0.09|0.00|9.38
8852570|20.92|2.85|3.43|1.17|0.09|0.01|3.13
8857585|20.85|4.85|4.95|1.15|0.09|0.01|2.25
8862601|25.13|3.11|5.12|1.16|0.09|0.01|17.79
8867616|23.70|2.34|5.56|1.15|0.09|0.01|11.68
8872632|25.79|2.50|2.15|1.16|0.09|0.01|2.59
8877647|26.24|6.83|5.40|1.16|0.09|0.02|9.14
8882663|29.89|1.98|3.23|1.11|0.09|0.01|16.72
8887680|24.35|4.02|0.17|1.15|0.09|0.00|2.83
8892695|23.89|3.37|2.73|1.13|0.09|0.00|10.31
8897711|23.25|2.48|0.98|1.16|0.09|0.00|19.11
8902726|25.70|1.98|0.06|1.13|0.09|0.01|2.98
8907742|23.08|4.92|-1.66|1.16|0.09|0.01|2.49
8912757|22.73|3.47|2.93|1.14|0.09|0.00|24.34
8917773|26.37|2.62|-3.45|1.17|0.09|0.01|4.84
8922788|30.83|8.41|0.20|1.15|0.09|0.01|2.59
8927803|24.39|3.40|5.13|1.14|0.09|0.01|24.49
8932818|18.07|3.53|-0.80|1.16|0.09|0.01|5.72
8937834|14.98|6.14|5.38|1.11|0.09|0.00|2.49
8942850|8.09|2.82|-2.27|1.18|0.09|0.00|3.08
8947866|8.20|4.69|5.02|1.11|0.09|0.01|2.69
8952882|14.05|4.37|0.74|1.16|0.10|0.01|2.20
8957897|15.78|3.45|5.30|1.14|0.09|0.00|6.94
8962913|15.26|2.78|-0.56|1.15|0.09|0.01|26.49
8967928|12.18|3.95|4.30|1.13|0.09|0.01|16.37
8972944|6.87|5.41|-0.14|1.15|0.09|-0.00|4.15
8977959|7.64|1.91|3.11|1.13|0.09|0.01|3.23
8982975|10.34|4.08|0.39|1.16|0.09|0.00|2.59
8987991|11.21|7.07|0.92|1.14|0.09|0.00|2.69
8993006|9.57|4.79|3.01|1.14|0.09|0.00|2.54
8998022|6.21|0.50|4.24|1.16|0.09|0.00|2.39
9003038|2.26|5.60|0.15|1.15|0.09|0.01|2.74
9008054|0.43|5.58|1.69|1.12|0.09|-0.00|2.83
9013069|-8.08|0.37|-0.68|1.17|0.09|0.01|2.74
9018085|-9.24|4.31|4.31|1.12|0.09|0.00|2.93
9023100|-11.78|4.18|0.38|1.16|0.09|0.01|20.72
9028116|-9.85|5.63|1.85|1.10|0.09|0.01|22.63
9033132|0.27|4.53|-0.06|1.16|0.09|0.01|2.83
9038147|1.15|2.63|0.89|1.10|0.09|0.00|2.49
9043162|-5.77|2.79|0.99|1.16|0.09|0.01|2.64
9048177|-4.18|1.63|1.96|1.14|0.09|0.01|2.49
9053193|-0.94|7.05|3.30|1.15|0.09|0.01|2.49
9058209|5.10|2.75|0.76|1.15|0.09|0.00|2.74
9063225|6.56|1.82|-0.24|1.13|0.09|0.01|2.88
9068240|9.68|7.66|1.81|1.17|0.09|0.01|2.49
9073256|10.86|5.25|3.28|1.12|0.09|0.00|2.54
9078272|6.17|1.14|2.69|1.16|0.09|0.00|2.30
9083287|7.41|4.53|-1.23|1.12|0.09|0.00|2.39
9088303|-0.68|5.12|3.06|1.17|0.09|0.00|2.39
9093318|-2.03|2.69|-0.29|1.13|0.09|0.00|2.49
9098334|-0.75|3.57|1.15|1.16|0.09|0.00|2.74
9103349|-1.03|3.53|3.52|1.13|0.09|0.00|2.59
9108365|2.44|4.74|-0.16|1.15|0.09|0.00|2.54
9113380|1.27|2.56|0.47|1.13|0.09|0.00|2.59
9118397|-5.91|2.31|2.79|1.15|0.09|0.01|2.64
9123412|-12.20|3.85|2.02|1.14|0.09|0.01|15.74
9128428|-16.71|3.98|1.40|1.14|0.09|0.01|20.23
9133444|-15.50|3.92|-0.81|1.13|0.09|0.01|2.44
9138459|-17.11|0.82|-0.02|1.16|0.09|0.00|2.88
9143475|-15.65|4.60|0.80|1.13|0.09|0.01|26.34
9148490|-7.81|1.56|-0.82|1.14|0.09|0.01|4.79
9153506|-4.11|4.27|2.40|1.15|0.09|0.01|2.39
9158521|-3.47|1.96|2.76|1.14|0.09|0.01|2.35
9163536|-2.31|6.34|1.09|1.16|0.09|0.01|2.74
9168551|4.02|2.71|1.31|1.13|0.09|0.00|2.69
9173569|5.52|3.58|1.09|1.15|0.09|-0.00|2.74
9178584|2.60|5.81|0.93|1.12|0.09|0.00|2.59
9183599|1.85|1.95|2.43|1.16|0.10|0.01|2.69
9188627|2.18|0.92|1.55|1.12|0.09|0.00|2.74
9193643|0.95|8.26|0.95|1.15|0.09|0.00|2.74
9198658|-0.79|3.26|1.86|1.15|0.09|0.00|3.03
9203674|0.50|0.08|-1.02|1.13|0.09|0.00|3.71
9208689|5.46|8.18|3.67|1.16|0.09|0.01|3.96
9213705|7.33|0.84|0.04|1.13|0.09|0.00|3.67
9218720|7.59|4.09|1.70|1.13|0.09|0.01|2.88
9223736|8.25|8.90|0.65|1.13|0.09|0.01|2.64
9228755|2.76|-1.39|3.64|1.16|0.09|0.01|2.69
9233771|1.40|3.20|2.37|1.12|0.09|0.00|2.54
9238787|-0.08|9.28|-0.10|1.16|0.10|0.01|2.83
9243802|-0.85|2.03|1.21|1.11|0.09|0.00|3.03
9248818|1.37|3.24|0.79|1.15|0.09|0.01|4.11
9253833|3.38|3.63|1.51|1.10|0.09|0.01|8.21
9258849|8.95|3.44|0.96|1.18|0.10|0.00|4.20
9263864|9.73|4.75|1.80|1.12|0.09|0.01|2.93
9268879|8.09|3.92|1.66|1.17|0.09|0.01|2.74
9273894|7.24|4.27|1.53|1.13|0.09|0.00|2.79
9278910|0.92|4.12|1.20|1.16|0.10|0.01|2.49
9283926|-0.40|1.93|2.47|1.14|0.09|0.00|2.54
9288942|-2.68|4.61|1.50|1.16|0.09|0.01|2.74
9293958|-3.71|6.94|1.98|1.15|0.09|0.01|4.01
9298973|1.56|2.47|-1.25|1.16|0.09|-0.00|9.24
9303989|2.44|4.15|3.39|1.11|0.09|0.00|13.88
9309004|4.95|5.40|1.44|1.17|0.09|0.00|19.99
9314020|5.01|2.16|0.23|1.12|0.09|0.00|14.96
9319035|7.83|3.86|3.13|1.17|0.09|0.00|9.73
9324051|9.44|3.97|0.14|1.13|0.09|0.00|3.76
9329067|9.41|4.37|2.96|1.16|0.09|0.01|2.88
9334081|12.63|4.29|1.23|1.12|0.09|0.00|2.88
9339097|18.44|3.99|2.95|1.15|0.09|0.01|2.49
9344114|17.06|3.55|1.51|1.15|0.09|0.01|2.98
9349130|13.22|4.21|1.46|1.13|0.09|0.01|24.00
9354145|14.99|4.24|2.45|1.14|0.09|0.01|24.19
9359161|15.18|4.75|2.34|1.15|0.09|0.01|4.99
9364176|13.47|2.26|2.85|1.13|0.09|0.01|2.59
9369191|9.59|5.14|0.53|1.16|0.09|0.01|2.83
9374206|6.66|2.69|2.40|1.13|0.10|0.00|2.69
9379222|7.63|3.68|1.02|1.15|0.10|0.01|2.39
9384238|6.05|2.96|0.57|1.13|0.09|0.01|2.35
9389253|6.13|7.15|3.65|1.15|0.10|0.00|2.25
9394269|6.53|3.47|-0.16|1.15|0.09|0.01|2.54
9399284|4.92|1.02|2.84|1.14|0.09|0.01|2.39
9404301|4.87|7.57|0.78|1.17|0.09|0.00|2.88
9409316|3.95|4.05|0.73|1.14|0.09|0.01|2.98
9414332|0.44|2.21|2.50|1.16|0.09|0.01|2.79
9419347|1.30|4.24|0.69|1.13|0.09|0.00|2.49
9424363|-1.57|3.95|1.18|1.15|0.10|0.01|2.20
9429379|-5.67|1.92|0.20|1.13|0.09|0.01|2.39
9434394|-12.17|2.45|2.20|1.15|0.09|0.01|2.59
9439410|-12.56|2.05|0.56|1.13|0.09|0.00|9.34
9444425|-14.21|2.43|2.82|1.14|0.09|0.01|24.73
9449441|-13.81|4.24|0.21|1.14|0.09|0.01|2.83
9454456|-13.18|1.35|1.70|1.14|0.09|0.01|2.44
9459473|-16.56|4.23|1.44|1.15|0.09|0.01|6.79
9464488|-14.40|2.18|0.50|1.12|0.09|0.00|24.44
9469504|-11.79|4.05|3.11|1.16|0.09|0.01|2.64
9474520|-11.56|5.36|-1.13|1.13|0.09|0.01|2.59
9479535|-10.62|2.02|0.60|1.14|0.09|0.01|4.01
9484551|-8.42|5.21|-2.18|1.14|0.09|0.01|23.36
9489566|-7.64|-1.92|2.36|1.16|0.09|0.01|18.48
9494582|-6.67|5.63|2.14|1.14|0.09|0.01|2.79
9499597|-7.66|3.00|3.08|1.13|0.09|-0.00|2.05
9504613|-3.29|6.94|-1.26|1.16|0.09|0.01|2.98
9509628|-1.29|0.18|2.95|1.13|0.10|0.00|2.59
9514645|2.63|5.39|-0.05|1.16|0.09|0.00|2.93
9519661|3.73|5.79|2.95|1.12|0.09|0.00|3.37
9524676|2.36|0.27|0.35|1.15|0.09|0.01|3.32
9529692|4.27|7.35|0.57|1.15|0.09|0.00|3.57
9534707|3.41|1.90|3.98|1.13|0.09|0.01|3.47
9539723|2.21|3.31|-0.11|1.15|0.09|0.01|3.57
9544737|1.57|5.50|2.90|1.14|0.09|0.00|4.15
9549753|-1.49|2.70|-0.61|1.14|0.10|0.00|10.12
9554768|-2.34|5.67|1.69|1.14|0.09|0.00|20.14
9559784|0.08|0.53|0.99|1.14|0.10|0.00|27.22
9564800|2.27|5.80|0.87|1.16|0.10|0.00|24.54
9569815|1.64|3.97|4.50|1.14|0.10|0.01|28.25
9574832|7.10|2.41|-1.07|1.16|0.10|0.01|21.90
9579847|6.92|4.86|1.55|1.13|0.09|0.00|22.78
9584863|11.48|5.06|3.24|1.15|0.09|0.01|26.78
9589878|13.05|1.53|1.42|1.13|0.09|0.00|13.54
9594894|14.06|4.79|0.59|1.14|0.10|0.00|3.18
9599909|15.12|3.57|1.00|1.14|0.09|0.00|2.79
9604925|16.12|5.82|0.91|1.12|0.09|0.00|2.54
9609940|13.66|3.43|3.88|1.16|0.09|0.01|2.69
9614956|15.09|3.15|0.60|1.13|0.09|-0.00|20.38
9619972|11.78|3.94|1.60|1.15|0.09|0.01|25.90
9624987|12.32|5.47|-0.72|1.12|0.09|0.00|13.83
9630004|14.77|4.70|5.32|1.15|0.09|0.00|3.32
9635019|15.60|3.48|-0.09|1.15|0.09|0.01|2.64
9640035|12.68|3.80|3.91|1.13|0.09|0.00|2.20
9645050|15.37|3.68|-0.76|1.15|0.09|0.01|2.64
9650066|12.19|6.73|3.43|1.15|0.09|0.00|16.72
9655081|11.17|2.62|2.77|1.13|0.10|0.01|28.84
9660097|11.98|2.80|1.68|1.16|0.10|0.00|22.24
9665113|12.44|4.41|-0.37|1.13|0.09|0.01|4.79
9670128|14.02|5.75|3.71|1.15|0.09|0.01|2.74
9675144|13.33|2.26|3.44|1.15|0.09|0.00|2.59
9680159|13.39|3.15|-0.45|1.13|0.09|0.00|2.59
9685176|15.55|4.64|0.47|1.15|0.09|0.00|2.74
9690191|15.30|6.85|2.21|1.13|0.10|0.00|20.87
9695207|11.57|3.50|4.72|1.16|0.09|0.01|26.83
9700222|9.73|2.39|-0.22|1.12|0.09|0.00|11.53
9705238|10.40|4.61|1.08|1.15|0.09|0.00|3.62
9710254|9.15|6.95|2.85|1.15|0.09|-0.00|2.64
9715269|8.14|-0.44|2.87|1.14|0.09|0.01|2.49
9720285|7.31|5.85|-0.31|1.16|0.09|0.00|2.69
9725300|6.11|4.89|0.96|1.11|0.10|0.01|2.88
9730316|2.50|1.25|4.08|1.16|0.09|0.01|2.20
9735331|2.24|7.05|-2.04|1.13|0.09|0.00|2.44
9740347|-2.32|1.56|2.17|1.14|0.10|0.00|2.69
9745361|-3.24|0.57|1.90|1.14|0.09|0.01|2.64
9750377|-3.14|8.59|4.21|1.15|0.09|0.01|3.27
9755393|-0.27|2.27|-1.88|1.15|0.09|0.01|5.33
9760408|1.50|2.31|0.96|1.12|0.10|0.01|6.26
9765424|6.36|6.40|5.05|1.15|0.10|0.00|18.96
9770439|8.96|-0.27|-2.79|1.14|0.09|0.00|5.03
9775455|9.95|7.30|3.68|1.14|0.09|0.00|3.37
9780470|10.82|5.52|0.00|1.14|0.09|0.01|2.74
9785485|5.63|-0.44|6.56|1.16|0.09|0.01|2.20
9790500|2.76|7.73|-1.51|1.17|0.10|0.01|2.69
9795516|1.56|2.54|0.31|1.11|0.09|0.01|2.98
9800534|-3.02|0.58|3.24|1.16|0.09|0.01|2.49
9805549|-3.34|9.62|2.31|1.14|0.10|0.00|3.23
9810565|0.68|1.12|-2.33|1.14|0.09|0.01|6.94
9815580|2.03|1.55|1.36|1.14|0.09|0.01|9.97
9820596|3.31|8.58|5.79|1.16|0.09|0.01|19.84
9825611|6.95|-0.26|-2.42|1.17|0.10|0.01|7.18
9830627|6.24|5.08|3.95|1.13|0.09|0.00|4.59
9835642|9.85|6.69|0.69|1.14|0.09|0.00|3.62
9840658|8.96|-0.84|4.91|1.14|0.09|0.01|2.59
9845673|5.43|8.08|-2.00|1.14|0.09|0.00|2.54
9850689|2.63|2.66|0.84|1.15|0.09|0.01|2.79
9855706|0.21|0.40|5.08|1.16|0.09|0.00|2.15
9860721|-2.21|9.50|0.34|1.16|0.09|0.00|2.69
9865737|-2.38|0.18|-0.82|1.12|0.09|0.01|3.91
9870752|1.32|2.81|2.18|1.13|0.09|0.01|10.22
9875768|2.47|7.13|4.75|1.15|0.09|0.01|21.55
9880784|8.09|-0.50|-1.95|1.15|0.09|0.01|10.90
9885800|8.67|7.18|3.21|1.15|0.09|0.00|5.13
9890816|10.02|4.03|1.50|1.13|0.09|0.01|3.27
9895831|6.89|1.69|3.67|1.13|0.09|0.01|2.39
9900847|5.89|6.81|-1.97|1.15|0.09|0.00|2.69
9905862|3.62|1.76|4.16|1.14|0.09|0.01|2.44
9910878|6.22|4.37|1.35|1.14|0.09|0.00|2.44
9915894|6.64|5.01|0.12|1.15|0.09|0.01|2.88
9920910|5.65|2.97|5.11|1.14|0.09|0.00|2.44
9925925|7.06|3.99|-1.55|1.15|0.09|0.00|2.59
9930941|8.07|3.85|2.18|1.14|0.10|0.00|2.69
9935956|9.20|6.38|3.02|1.13|0.09|0.00|2.10
9940972|7.55|0.58|0.87|1.16|0.09|0.01|2.49
9945988|4.28|7.67|1.47|1.15|0.09|0.00|2.64
9951003|4.46|2.18|1.50|1.13|0.09|0.00|2.69
9956019|5.06|2.31|1.78|1.14|0.09|0.01|2.83
9961034|7.00|7.11|0.40|1.15|0.10|0.01|3.42
9966050|7.33|1.50|3.46|1.15|0.09|0.01|13.15
9971066|7.62|4.80|0.54|1.12|0.09|-0.00|22.87
9976082|3.11|4.30|1.05|1.14|0.09|0.01|20.48
9981097|0.80|2.16|3.96|1.15|0.09|0.01|23.85
9986113|1.44|6.16|-1.48|1.13|0.09|0.01|14.13
9991129|3.60|2.63|2.76|1.15|0.09|0.01|11.88
9996145|5.89|3.16|1.58|1.13|0.09|0.01|17.60
10001161|4.15|5.64|-0.01|1.14|0.09|0.01|13.54
10006176|2.05|1.71|4.09|1.15|0.09|0.00|16.96
10011192|2.55|4.79|-1.04|1.15|0.10|-0.00|11.44
10016207|2.59|4.52|2.11|1.14|0.09|0.01|7.67
10021223|1.23|2.12|1.92|1.13|0.09|0.00|7.18
10026238|4.27|6.11|0.26|1.14|0.09|0.01|2.93
10031255|4.81|2.83|3.68|1.14|0.10|-0.00|3.27
10036271|4.40|3.20|0.50|1.12|0.10|-0.00|3.91
10041286|3.50|5.96|0.85|1.14|0.09|0.00|3.37
10046303|3.54|1.31|2.83|1.15|0.09|0.00|3.91
10051318|3.60|5.55|0.00|1.14|0.10|0.00|3.32
10056334|3.46|4.00|2.67|1.13|0.10|0.00|3.23
10061349|4.71|2.32|1.31|1.14|0.10|0.01|3.71
10066365|2.15|5.80|0.79|1.15|0.09|0.00|3.18
10071380|0.14|2.04|1.89|1.15|0.09|0.00|2.64
10076396|0.31|4.47|0.47|1.13|0.10|0.01|2.35
10081412|1.87|4.23|3.58|1.14|0.09|-0.00|2.20
10086428|4.57|2.97|0.27|1.15|0.09|0.01|2.30
10091444|5.24|5.07|1.29|1.13|0.10|0.01|2.49
10096459|4.49|2.91|3.01|1.13|0.09|0.01|2.15
10101475|3.76|3.46|-0.54|1.15|0.09|0.01|2.35
10106490|1.24|5.04|3.26|1.14|0.10|0.00|2.25
10111506|0.89|2.31|0.76|1.14|0.09|0.01|2.25
10116521|-1.04|5.21|1.00|1.14|0.10|0.01|2.59
10121537|-1.89|2.10|1.83|1.13|0.09|0.01|2.44
10126554|-0.20|4.85|0.49|1.13|0.09|0.01|2.74
10131575|-0.43|3.47|2.28|1.13|0.09|0.00|2.54
10136591|-2.14|3.60|-0.15|1.14|0.09|0.00|2.69
10141612|-2.31|4.16|2.61|1.13|0.09|0.00|4.20
10146627|0.19|3.41|0.47|1.14|0.09|0.00|14.22
10151643|-1.32|4.47|2.34|1.15|0.09|0.00|21.51
10156658|-0.73|3.01|0.91|1.13|0.09|0.01|26.39
10161675|0.50|5.03|1.38|1.13|0.09|0.01|24.44
10166690|1.15|2.90|1.67|1.15|0.09|0.01|22.87
10171706|2.56|4.38|1.06|1.14|0.10|0.00|16.67
10176721|2.26|3.47|1.55|1.13|0.09|0.00|14.47
10181737|3.37|3.24|0.93|1.14|0.09|0.01|11.53
10186753|4.05|4.21|1.54|1.14|0.09|0.00|10.56
10191768|4.45|3.72|1.50|1.14|0.09|0.00|12.71
10196786|3.40|3.95|1.31|1.13|0.09|0.00|13.05
10201801|3.60|4.37|1.63|1.14|0.09|0.00|12.07
10206817|4.80|3.53|1.37|1.14|0.10|0.01|12.22
10211832|6.02|4.27|1.66|1.14|0.09|0.00|14.47
10216848|5.66|3.74|2.11|1.14|0.09|0.01|19.26
10221863|4.24|3.60|1.59|1.14|0.09|0.00|20.92
10226879|3.81|4.11|1.49|1.14|0.09|0.00|20.82
10231895|5.02|3.73|1.47|1.14|0.10|0.01|21.26
10236910|6.68|3.91|1.47|1.14|0.09|0.00|23.51
10241926|7.37|3.97|1.66|1.14|0.10|0.00|25.51
10246941|6.37|3.84|1.48|1.14|0.09|0.01|25.61
10251958|5.59|4.23|1.66|1.14|0.09|0.00|23.46
10256973|4.83|3.96|1.67|1.14|0.09|0.00|21.85
10261989|3.86|3.82|1.82|1.14|0.09|0.00|21.07
10267004|3.23|4.07|1.14|1.14|0.09|0.00|21.07
10272020|3.55|3.50|1.41|1.14|0.09|0.01|22.09
10277036|4.76|3.89|1.44|1.14|0.09|0.00|22.04
10282051|6.81|4.20|1.62|1.14|0.09|0.00|19.60
10287067|8.24|3.60|1.69|1.14|0.09|0.00|12.27
10292082|8.50|4.15|1.37|1.14|0.09|0.00|4.11
10297098|6.64|4.01|3.10|0.15|0.07|-0.04|3.03
10302113|-66.81|-74.73|18.46|0.13|0.04|-0.13|2.98
10307130|-51.35|83.98|-49.77|0.40|0.14|0.17|10.17
10312145|-18.92|76.99|34.07|1.57|0.09|0.03|3.03
10317162|-8.25|13.83|-14.73|1.16|-0.04|-0.26|12.56
10322178|-170.72|35.18|43.76|1.25|0.00|-0.11|3.96
10327193|10.98|-25.33|69.85|1.44|0.16|-0.16|8.75
10332209|58.81|18.84|40.00|1.66|-0.02|-0.19|21.07
10337224|-72.98|23.63|-59.21|0.73|0.12|0.15|11.39
10342240|176.85|-16.51|16.62|1.26|0.05|0.25|5.72
10347256|-208.25|-3.39|35.92|1.32|0.09|0.06|17.25
10352272|-250.14|40.19|29.15|1.39|-0.20|0.01|10.85
10357288|-250.14|71.18|42.15|1.65|-0.25|0.24|9.34
10362305|-250.14|25.61|46.81|1.55|-0.37|0.38|12.76
10367321|-250.14|-48.63|-26.37|1.53|-0.18|0.60|14.08
10372336|-250.14|-33.41|25.31|1.72|-0.35|0.73|10.46
10377352|-250.14|-78.50|-1.23|1.67|-0.35|0.79|8.60
10382368|-250.14|67.61|61.96|1.95|-0.31|0.83|8.70
10387384|-250.14|-48.51|23.96|1.61|-0.28|0.88|11.14
10392399|-250.14|46.73|-21.79|1.23|-0.32|0.89|13.54
10397415|-250.14|37.14|-7.18|1.60|-0.46|0.67|11.97
10402432|-250.14|-2.73|-34.87|1.46|-0.39|1.10|14.37
10407448|-250.14|-31.32|-7.28|1.38|-0.39|1.04|6.50
10412464|-250.14|36.27|-10.10|1.31|-0.32|0.86|11.34
10417480|-250.14|-29.47|-39.85|1.34|-0.57|0.64|12.02
10422496|-250.14|-53.12|30.68|1.70|-0.35|1.15|12.90
10427511|-250.14|44.61|-53.12|1.28|-0.27|0.75|10.51
10432528|-250.14|-15.71|23.38|1.51|-0.41|1.06|16.13
10437543|-250.14|-49.02|10.22|1.55|-0.28|0.83|14.61
10442559|-250.14|-53.33|-21.75|1.48|-0.31|0.66|12.27
10447575|-250.14|77.33|-63.34|1.33|-0.03|0.50|13.59
10452591|-250.14|-25.26|27.92|1.81|-0.27|0.90|8.90
10457608|-250.14|22.55|22.51|1.54|-0.29|0.80|12.51
10462623|-250.14|64.67|18.05|1.40|-0.20|0.73|15.74
10467640|-250.14|59.98|-6.73|1.24|-0.16|0.69|16.62
10472655|-250.14|11.44|9.64|1.33|-0.25|0.69|15.59
10477671|-250.14|5.31|-51.24|1.33|-0.32|0.50|9.24
10482686|-250.14|-11.15|58.40|1.58|-0.36|0.90|16.32
10487703|-250.14|-9.73|21.47|1.34|-0.21|0.75|9.24
10492719|-250.14|-72.57|8.66|1.05|-0.17|0.62|9.97
10497734|-250.14|-54.69|-10.65|1.15|-0.36|0.34|6.40
10502750|-250.14|26.18|-7.94|1.51|-0.10|0.52|10.26
10507767|-250.14|14.44|31.97|1.46|-0.26|0.61|15.84
10512783|-250.14|26.43|24.11|1.52|-0.09|0.56|15.10
10517798|-250.14|46.66|32.21|1.50|-0.05|0.48|9.82
10522814|-250.14|-48.81|33.96|1.60|-0.15|0.53|14.37
10527831|-250.14|86.29|-152.27|1.02|-0.01|0.26|10.31
10532846|-250.14|-37.69|-10.95|1.48|-0.24|0.29|8.21
10537862|-250.14|-19.47|37.34|1.56|-0.21|0.79|13.10
10542877|-250.14|6.09|39.48|1.46|-0.29|0.69|17.84
10547894|-250.14|11.70|18.46|1.40|-0.01|0.49|17.84
10552909|-250.14|-6.86|9.21|1.29|-0.17|0.62|13.29
10557926|-250.14|-13.09|-27.93|1.34|-0.32|0.11|11.73
10562942|-250.14|29.28|19.45|1.45|-0.04|0.37|16.52
10567958|-250.14|-49.89|-7.03|1.55|-0.13|0.35|9.58
10572974|-250.14|40.22|30.48|1.59|-0.07|0.47|11.24
10577989|-250.14|32.86|-47.49|1.44|-0.12|0.29|10.75
10583006|-250.14|-38.18|-9.36|1.64|-0.08|0.53|15.44
10588021|-250.14|-5.08|43.19|1.56|-0.27|0.77|17.40
10593037|-250.14|56.24|56.82|1.51|-0.02|0.49|15.88
10598052|-250.14|-36.08|-42.27|1.42|-0.25|0.14|11.49
10603070|-250.14|48.61|9.75|1.24|0.04|0.36|18.18
10608086|-250.14|-13.26|54.16|1.80|-0.08|0.73|11.39
10613101|-250.14|-54.27|-18.25|1.50|-0.18|0.26|7.67
10618118|-250.14|52.57|-0.85|1.52|0.02|0.36|11.05
10623133|-250.14|-49.86|-18.68|1.37|-0.10|0.45|11.88
10628149|-250.14|50.76|-22.56|1.20|-0.09|0.30|10.85
10633164|-250.14|10.32|46.99|1.53|-0.16|0.73|16.62
10638181|-250.14|-48.26|24.43|1.50|-0.12|0.58|13.44
10643196|-250.14|-60.77|-10.53|1.41|-0.15|0.23|9.92
10648212|-250.14|19.68|-20.65|1.50|-0.09|0.25|11.00
10653230|-250.14|31.08|35.19|1.53|-0.11|0.43|13.78
10658245|-250.14|-39.56|8.25|1.68|-0.09|0.62|15.59
10663261|-250.14|-15.40|-28.01|1.44|-0.21|0.11|11.34
10668276|-250.14|-4.05|-46.83|1.38|-0.25|-0.01|8.70
10673293|-250.14|6.11|-40.63|1.53|-0.13|0.23|8.94
10678308|-250.14|27.00|27.56|1.37|-0.13|0.44|12.51
10683324|-250.14|-52.47|28.36|1.62|-0.11|0.58|14.27
10688339|-250.14|-44.80|-7.70|1.33|-0.09|0.27|11.29
10693356|-250.14|-7.31|-39.22|1.28|-0.29|0.01|8.80
10698372|-250.14|-1.22|-32.98|1.44|-0.19|0.09|8.85
10703388|-250.14|-10.17|-36.39|1.48|-0.24|-0.02|12.46
10708405|-250.14|0.40|-39.85|1.39|-0.26|-0.01|10.80
10713420|-250.14|-20.09|-44.25|1.44|-0.28|0.02|10.51
10718436|-250.14|-28.78|-43.17|1.45|-0.24|0.00|9.19
10723452|-250.14|-25.48|-17.81|1.46|-0.17|0.13|8.75
10728468|-250.14|-45.38|-12.43|1.51|-0.06|0.28|14.81
10733484|-250.14|-40.08|17.80|1.65|-0.06|0.55|14.91
10738499|-250.14|7.41|60.09|1.54|-0.23|0.54|14.57
10743516|-250.14|44.72|-18.34|1.46|0.03|0.18|15.40
10748532|-250.14|-21.38|-57.40|1.42|-0.25|-0.02|9.09
10753548|-250.14|-47.56|-11.68|1.50|-0.02|0.31|14.91
10758564|-250.14|14.93|38.07|1.56|-0.05|0.40|19.06
10763580|-250.14|27.90|-12.18|1.32|-0.00|0.17|14.42
10768595|-250.14|-43.71|-6.52|1.48|0.00|0.35|9.68
10773611|-250.14|41.37|14.94|1.51|0.10|0.25|10.22
10778628|-250.14|-22.94|-40.24|1.44|-0.20|-0.03|13.20
10783643|-250.14|-20.37|11.61|1.65|-0.11|0.64|14.91
10788659|-250.14|37.26|-36.92|1.42|-0.01|0.16|13.25
10793674|-250.14|-31.36|20.98|1.51|-0.05|0.53|9.14
10798692|-250.14|26.34|7.00|1.33|0.02|0.16|10.31
10803707|-250.14|-37.64|-14.02|1.45|-0.04|0.38|14.17
10808723|-240.18|17.92|42.08|1.39|0.06|0.32|15.93
10813740|-223.58|-35.67|-11.94|1.39|-0.03|0.15|9.29
10818755|-250.14|17.99|38.59|1.48|-0.14|0.45|10.95
10823771|-250.14|34.77|-11.43|1.33|-0.03|0.14|10.22
10828786|-250.14|-31.31|38.56|1.62|-0.09|0.64|14.13
10833803|-250.14|-8.30|-44.23|1.40|-0.23|-0.12|9.04
10838818|-248.22|25.10|41.08|1.48|-0.04|0.26|10.17
10843834|-250.14|-29.55|24.37|1.50|0.01|0.45|12.46
10848851|-230.38|-52.97|7.37|1.43|0.02|0.31|12.51
10853867|-250.14|23.34|-61.95|1.38|-0.14|-0.03|8.90
10858883|-250.14|7.07|52.11|1.44|-0.06|0.34|12.22
10863898|-222.90|-54.69|-9.18|1.41|0.01|0.27|8.90
10868914|-250.14|-14.07|-39.92|1.35|-0.22|-0.13|12.07
10873930|-229.29|50.81|20.25|1.41|0.12|0.19|17.94
10878946|-250.14|6.91|51.21|1.54|-0.12|0.40|13.49
10883961|-250.14|-51.05|12.69|1.56|-0.02|0.39|8.80
10888977|-228.23|-13.24|-46.61|1.41|-0.17|-0.16|10.65
10893993|-250.14|44.76|-24.78|1.35|-0.03|0.08|9.68
10899010|-243.10|49.12|9.21|1.32|0.08|0.16|15.93
10904026|-227.26|17.65|35.92|1.41|-0.01|0.21|13.20
10909042|-250.14|-34.76|36.89|1.63|-0.04|0.54|7.87
10914058|-233.48|-43.13|4.02|1.48|-0.00|0.31|14.57
10919073|-203.08|-36.23|0.75|1.37|0.04|0.17|12.27
10924089|-250.14|-13.69|-35.59|1.38|-0.21|-0.14|9.19
10929105|-250.14|48.33|-3.98|1.37|0.10|0.13|14.37
10934121|-250.14|45.84|-5.54|1.50|0.11|0.14|10.61
10939137|-216.31|22.33|27.55|1.36|-0.04|0.16|20.14
10944152|-250.14|13.65|53.10|1.67|-0.13|0.40|14.86
10949173|-250.14|2.01|33.81|1.62|-0.10|0.48|11.19
10954188|-250.14|-36.40|38.36|1.48|-0.07|0.63|8.02
10959205|-239.95|-50.93|20.48|1.58|0.02|0.37|15.49
10964220|-228.24|-56.29|2.44|1.57|-0.01|0.29|12.17
10969236|-250.14|-35.28|24.30|1.51|-0.02|0.48|10.95
10974252|-250.14|-2.27|26.98|1.52|-0.10|0.46|8.16
10979267|-221.09|24.26|31.51|1.44|-0.00|0.25|16.57
10984284|-204.74|18.74|36.39|1.43|0.07|0.16|18.82
10989299|-250.14|-30.24|59.56|1.74|-0.11|0.57|11.73
10994315|-250.14|-3.12|56.46|1.64|-0.17|0.49|8.16
10999332|-203.81|18.04|31.80|1.45|0.09|0.18|12.66
11004348|-232.29|13.86|47.75|1.50|-0.05|0.34|17.01
11009363|-250.14|37.95|7.38|1.34|0.08|0.09|17.11
11014379|-141.27|-26.99|-29.54|1.47|-0.10|-0.15|7.38
11019396|-250.14|-28.04|29.11|1.43|-0.00|0.54|9.19
11024411|-250.14|7.91|59.79|1.56|-0.12|0.43|18.72
11029427|-250.14|14.16|16.72|1.30|0.02|0.03|11.05
11034442|-146.37|-37.60|-3.29|1.39|0.09|0.14|9.73
11039459|-195.38|24.63|42.34|1.44|-0.03|0.24|11.19
11044488|-203.63|0.95|-31.92|1.37|-0.16|-0.25|11.68
11049504|-153.50|-23.77|-13.65|1.36|0.11|0.12|11.63
11054520|-250.14|-23.27|28.35|1.50|-0.00|0.48|11.14
11059536|-188.02|34.60|39.73|1.44|0.05|0.17|10.46
11064552|-250.14|27.15|-25.95|1.37|-0.02|-0.05|10.07
11069568|-163.56|-35.17|-19.58|1.32|-0.02|0.05|11.73
11074584|-210.54|-35.73|5.04|1.42|0.01|0.29|10.85
11079600|-197.27|20.54|46.17|1.54|0.02|0.14|12.17
11084615|-250.14|28.98|-6.11|1.30|0.01|0.00|9.29
11089632|-120.44|-29.31|-15.18|1.35|0.07|0.04|12.02
11094648|-215.08|38.03|3.85|1.36|0.12|0.04|18.48
11099664|-219.43|-40.08|26.68|1.54|0.04|0.37|9.14
11104680|-178.53|23.05|33.63|1.41|0.12|0.15|10.46
11109696|-214.56|-7.69|-38.13|1.46|-0.20|-0.24|10.70
11114712|-237.44|-37.31|11.32|1.42|0.02|0.44|11.34
11119728|-250.14|45.34|-11.82|1.37|0.10|0.04|16.32
11124744|-208.37|-28.07|-3.18|1.43|0.03|0.27|8.02
11129759|-175.25|23.82|37.87|1.42|0.02|0.08|16.52
11134776|-128.63|-14.66|-45.77|1.33|-0.10|-0.20|8.94
11139791|-168.56|23.08|28.20|1.33|0.12|0.11|13.39
11144809|-174.31|-15.50|-28.49|1.35|-0.11|-0.13|10.12
11149825|-195.79|17.73|68.73|1.53|0.00|0.28|20.19
11154840|-153.23|-16.72|-35.70|1.25|-0.11|-0.14|9.14
11159857|-218.84|-6.89|55.15|1.51|-0.12|0.35|11.24
11164872|-108.92|-19.96|-20.92|1.22|0.02|-0.02|12.56
11169889|-250.14|20.37|-19.51|1.33|-0.08|-0.15|8.36
11174904|-176.59|5.56|26.56|1.42|-0.02|0.17|10.61
11179920|-173.53|-37.11|-0.06|1.40|0.06|0.21|14.22
11184936|-209.99|26.60|12.26|1.27|0.13|0.10|18.87
11189952|-154.62|-23.32|-6.40|1.21|0.06|0.20|6.79
11194969|-223.33|-4.81|-21.23|1.26|-0.18|-0.27|10.36
11199985|-186.35|12.42|35.63|1.26|0.01|0.18|13.83
11205001|-123.38|-19.53|-7.59|1.32|0.07|0.10|6.84
11210016|-250.14|41.21|-11.31|1.30|0.08|0.01|9.29
11215033|-250.14|-26.03|30.65|1.39|-0.02|0.48|11.44
11220048|-250.14|19.65|-27.59|1.27|-0.03|-0.11|9.34
11225064|-151.61|21.09|33.50|1.27|0.04|0.08|19.16
11230081|-218.12|-31.28|23.91|1.38|0.03|0.38|10.22
11235096|-144.69|-6.21|-34.43|1.26|-0.09|-0.18|8.11
11240113|-250.14|26.79|-11.84|1.22|0.07|-0.01|9.82
11245129|-219.31|1.57|30.72|1.39|-0.09|0.35|10.70
11250145|-56.63|-19.31|-17.31|1.30|0.02|-0.04|11.34
11255161|-250.14|12.15|-17.85|1.40|-0.16|-0.29|7.82
11260177|-246.81|30.02|0.00|1.35|0.10|-0.02|13.05
11265192|-250.14|-23.88|26.49|1.37|-0.10|0.56|17.35
11270209|-119.90|-23.11|-12.51|1.37|0.08|0.08|9.58
11275225|-250.14|25.54|-14.05|1.34|-0.02|-0.07|10.41
11280240|-250.14|-14.72|23.40|1.39|-0.04|0.54|18.13
11285257|-91.93|-22.34|-3.27|1.32|0.06|-0.00|9.19
11290272|-126.18|-8.62|-18.76|1.33|-0.14|-0.21|7.23
11295290|-250.14|24.85|-16.34|1.32|-0.04|-0.10|8.46
11300305|-175.52|9.73|43.53|1.29|0.02|0.24|12.76
11305321|-250.14|-28.25|23.53|1.42|-0.02|0.52|7.53
11310338|-141.12|1.16|-25.95|1.34|-0.08|-0.23|9.19
11315353|-217.61|-4.21|-27.98|1.35|-0.16|-0.26|9.82
11320370|-250.14|22.11|-9.89|1.34|-0.10|-0.22|8.85
11325385|-250.14|31.40|-9.31|1.31|0.03|-0.03|8.80
11330401|-151.63|20.11|36.15|1.34|0.05|0.10|12.32
11335416|-223.51|-7.53|31.99|1.40|-0.13|0.40|9.38
11340434|-211.02|10.15|29.83|1.35|-0.10|0.33|15.10
11345449|-201.61|-38.11|-1.14|1.36|0.04|0.31|8.41
11350466|-84.89|-19.15|-23.62|1.34|-0.01|-0.05|10.85
11355482|-250.14|21.82|-14.29|1.31|0.02|-0.07|9.87
11360497|-176.31|23.82|29.99|1.30|0.18|0.09|12.02
11365514|-228.53|-11.85|28.19|1.39|-0.08|0.42|15.40
11370529|-214.80|-9.02|42.94|1.39|-0.08|0.39|12.02
11375545|-198.99|-20.00|6.92|1.34|0.04|0.31|6.65
11380561|-91.40|-26.24|-19.65|1.28|-0.02|-0.10|9.82
11385577|-250.14|14.58|-17.54|1.33|-0.12|-0.20|11.19
11390595|-197.70|5.40|-25.81|1.36|-0.18|-0.32|10.41
11395610|-243.72|25.10|2.91|1.36|0.09|-0.01|13.49
11400626|-86.52|-12.99|-22.63|1.31|-0.06|-0.18|6.94
11405642|-88.66|-14.95|-12.18|1.26|0.09|0.04|11.88
11410658|-149.34|-28.46|1.55|1.37|0.08|0.18|8.99
11415673|-76.59|-4.66|-18.95|1.30|0.08|0.02|8.85
11420690|-58.31|-21.17|-14.21|1.35|0.07|0.01|9.78
11425705|-117.48|-17.82|-6.83|1.31|0.10|0.13|6.74
11430721|-184.67|-18.07|-0.08|1.29|0.06|0.28|14.37
11435738|-229.01|-12.35|11.69|1.39|0.05|0.47|9.34
11440754|-121.79|16.79|21.40|1.32|0.14|0.06|12.66
11445770|-221.66|16.90|13.09|1.29|0.14|0.05|17.16
11450786|-85.24|-0.42|-15.00|1.30|-0.12|-0.24|8.80
11455802|-196.45|17.55|12.92|1.27|0.14|0.01|17.20
11460817|-191.95|2.69|21.75|1.36|-0.04|0.31|6.30
11465834|-129.49|15.84|30.11|1.24|0.11|0.08|17.79
11470850|-144.02|22.64|29.25|1.27|0.18|0.16|12.51
11475865|-180.66|-32.90|-1.65|1.31|0.05|0.28|11.49
11480882|-93.54|-9.64|-8.14|1.21|0.09|0.05|9.68
11485897|-169.12|-29.41|3.13|1.22|0.04|0.20|6.35
11490914|-245.29|-23.72|21.05|1.42|-0.03|0.47|13.88
11495930|-230.14|-17.24|8.73|1.32|0.02|0.50|9.38
11500946|-237.97|-22.89|30.02|1.37|0.01|0.52|14.42
11505961|-186.15|-21.04|-2.03|1.26|0.06|0.32|10.31
11510978|-118.88|8.31|25.45|1.28|0.05|0.03|7.38
11515994|-203.36|19.85|21.06|1.22|0.16|0.06|16.91
11521009|-164.99|12.89|-8.27|1.35|-0.17|-0.28|7.72
11526026|-1.18|1.40|-17.66|1.26|0.06|-0.02|9.48
11531041|-136.08|0.09|25.50|1.26|0.10|0.06|9.43
11536057|-63.87|-1.56|-17.99|1.18|-0.02|-0.17|8.50
11541074|-96.73|3.13|-6.15|1.12|-0.00|-0.22|6.40
11546090|37.15|-33.82|-17.56|1.24|0.05|-0.03|6.60
11551106|-28.68|-42.37|-6.21|1.30|0.11|0.05|8.99
11556122|-96.49|-48.85|10.20|1.38|0.09|0.08|9.63
11561138|-71.92|-31.25|-23.96|1.33|0.08|0.01|8.94
11566153|-109.66|-34.34|-15.53|1.40|0.09|0.09|8.80
11571169|-80.31|-28.58|-32.94|1.35|0.01|-0.11|7.48
11576185|-54.66|-31.17|-34.55|1.41|0.02|-0.05|7.09
11581201|-79.93|-18.79|-35.40|1.44|-0.05|-0.20|7.82
11586216|-103.85|-33.95|-11.14|1.39|0.10|0.09|7.33
11591234|-222.88|-28.28|41.81|1.47|0.02|0.46|7.58
11596250|-227.18|-31.07|44.89|1.44|0.02|0.50|9.92
11601266|-188.87|-6.76|64.50|1.58|-0.07|0.31|14.27
11606282|-134.29|26.10|41.13|1.39|0.13|0.11|15.10
11611297|-151.50|15.24|46.85|1.42|-0.01|0.21|19.94
11616314|-134.18|34.04|31.81|1.35|0.17|0.12|17.11
11621329|-162.33|35.68|24.24|1.31|0.16|0.04|15.69
11626345|-217.36|41.56|-0.56|1.19|0.13|-0.03|11.49
11631362|-250.14|28.54|-29.51|1.31|0.03|-0.10|10.36
11636377|-220.02|48.15|17.08|1.31|0.13|-0.00|16.08
11641395|-250.14|22.35|-13.09|1.27|0.04|-0.09|13.83
11646410|-180.17|41.79|23.48|1.39|0.17|0.06|13.05
11651426|-133.62|19.76|37.98|1.32|0.03|0.10|9.04
11656442|-122.73|30.30|28.69|1.36|0.21|0.12|8.85
11661458|-199.31|33.05|26.91|1.28|0.17|0.08|10.36
11666473|-135.32|24.76|36.76|1.48|0.07|0.11|18.72
11671490|-183.49|39.02|8.17|1.27|0.18|0.02|17.06
11676506|-172.59|42.53|28.48|1.34|0.18|0.03|15.49
11681521|-160.32|41.67|40.44|1.41|0.17|0.07|13.83
11686537|-241.47|35.34|9.54|1.34|0.13|0.03|11.93
11691554|-225.10|39.34|11.53|1.28|0.12|0.04|9.58
11696570|-214.79|37.02|14.76|1.29|0.15|0.06|10.65
11701586|-188.21|38.30|10.10|1.25|0.17|0.01|13.59
11706602|24.10|-21.99|-28.24|1.36|0.04|-0.07|7.67
11711618|-144.40|-47.45|-6.21|1.32|0.07|0.19|9.19
11716633|-48.88|-26.79|-24.60|1.22|0.05|-0.05|7.09
11721650|30.02|-26.67|-26.66|1.37|0.02|0.02|7.62
11726665|-250.14|36.52|-9.94|1.30|0.08|-0.08|8.65
11731681|-211.57|39.26|18.02|1.32|0.15|0.06|10.46
11736697|-244.39|33.14|2.00|1.30|0.11|-0.02|12.95
11741718|-210.82|41.84|4.94|1.32|0.18|0.06|14.91
11746734|-185.41|5.13|49.24|1.39|-0.02|0.33|8.55
11751750|-145.62|19.36|41.12|1.43|0.07|0.13|8.06
11756766|-233.63|-12.69|51.28|1.46|-0.06|0.53|16.32
11761781|-221.42|-37.39|27.80|1.46|0.03|0.48|12.85
11766798|-221.56|-19.58|45.58|1.53|-0.08|0.44|12.37
11771813|-182.52|1.89|32.35|1.42|-0.08|0.31|11.78
11776830|-213.54|38.50|25.92|1.47|0.18|0.04|10.65
11781846|63.26|-19.36|-28.10|1.40|0.03|0.03|8.65
11786861|240.54|-3.87|27.50|1.28|-0.03|0.31|7.14
11791879|250.13|-38.02|-5.88|1.36|0.03|0.61|6.45
11796894|250.13|-8.96|26.14|1.27|-0.12|0.54|5.96
11801910|-225.86|-39.33|23.06|1.46|0.04|0.49|7.28
11806925|-69.11|-32.04|-20.80|1.27|0.10|0.08|9.09
11811942|-250.14|27.29|-18.72|1.43|0.04|-0.11|6.55
11816957|-180.30|30.50|27.47|1.25|0.16|0.05|13.34
11821973|-112.07|16.70|35.63|1.27|0.14|0.09|13.69
11826989|-201.36|43.23|15.88|1.31|0.15|0.02|14.47
11832005|-242.75|44.90|9.40|1.30|0.13|0.02|10.46
11837021|-247.66|39.55|7.74|1.32|0.10|-0.01|9.09
11842036|-21.64|-20.33|-32.22|1.31|-0.05|-0.15|8.36
11847052|-46.10|-19.57|-24.46|1.30|-0.06|-0.14|8.36
11852067|-14.22|-35.09|-15.71|1.30|0.09|0.03|7.62
11857083|-238.38|-27.53|32.95|1.44|-0.03|0.52|7.58
11862098|-223.63|-30.30|48.67|1.47|0.01|0.51|9.04
11867115|-240.14|-30.56|26.95|1.39|0.03|0.53|14.91
11872131|-141.92|-36.97|1.27|1.31|0.08|0.22|9.48
11877146|-161.21|11.15|45.34|1.31|0.00|0.25|11.58
11882162|-250.14|-27.22|33.05|1.43|-0.06|0.59|7.53
11887178|-250.14|-26.94|36.17|1.39|-0.01|0.60|10.95
11892195|188.04|39.85|4.50|1.37|0.14|-0.18|17.79
11897210|247.42|21.08|-33.58|1.43|-0.16|-0.21|14.61
11902227|-101.41|-28.44|-11.83|1.29|0.10|0.12|5.87
11907243|-205.37|22.04|-24.07|1.31|-0.00|-0.30|10.75
11912258|-80.69|-29.39|-13.30|1.27|0.11|0.08|11.58
11917275|-81.44|-31.14|-19.24|1.36|0.10|0.09|10.46
11922290|83.03|26.23|34.56|1.35|0.15|-0.01|6.06
11927306|29.80|23.68|29.58|1.45|0.19|0.04|5.62
11932321|-196.36|-3.10|-26.55|1.23|-0.21|-0.33|7.67
11937338|-250.14|34.12|-7.15|1.24|0.03|-0.10|8.80
11942354|-162.91|-12.86|37.46|1.45|0.05|0.40|5.72
11947370|230.40|-28.59|3.11|1.23|0.03|0.52|5.08
11952386|-140.06|-8.41|38.21|1.47|-0.01|0.31|5.87
11957402|154.44|-26.46|-0.05|1.29|0.13|0.35|7.62
11962418|-65.41|4.68|31.01|1.35|0.01|0.17|12.51
11967433|121.73|-28.73|-4.76|1.23|0.13|0.30|4.99
11972449|12.67|6.08|29.61|1.30|0.07|0.09|5.33
11977464|7.69|-21.21|12.65|1.20|0.11|0.19|5.77
11982480|100.08|-20.34|12.58|1.21|0.08|0.22|5.03
11987504|38.53|-12.53|27.34|1.22|0.09|0.14|4.99
11992519|-7.16|-17.18|19.82|1.28|0.11|0.20|5.08
11997536|83.67|-17.98|22.30|1.26|0.09|0.19|5.57
12002552|34.36|-2.79|31.35|1.28|0.10|0.14|7.43
12007568|-15.69|-29.39|24.06|1.27|0.09|0.19|4.99
12012583|86.98|-18.08|15.45|1.25|0.09|0.23|4.99
12017599|93.28|-8.37|24.02|1.24|0.08|0.16|5.57
12022616|19.20|-5.05|26.38|1.31|0.09|0.15|4.94
12027631|8.65|-22.04|22.69|1.30|0.11|0.18|4.89
12032647|97.91|-15.82|13.95|1.21|0.08|0.22|5.13
12037662|11.77|-6.06|27.31|1.24|0.09|0.16|7.82
12042678|48.40|-23.68|18.28|1.25|0.10|0.19|4.74
12047695|72.65|-16.02|25.48|1.27|0.10|0.20|4.79
12052711|24.37|-15.09|25.30|1.24|0.11|0.17|6.84
12057726|39.10|-17.63|15.89|1.29|0.11|0.19|4.74
12062743|63.96|-12.62|29.14|1.28|0.10|0.17|4.84
12067759|24.00|-10.31|21.48|1.22|0.08|0.16|5.72
12072774|23.01|-26.45|22.98|1.27|0.09|0.18|4.69
12077790|89.67|-19.97|17.68|1.26|0.08|0.22|4.59
12082806|44.46|-5.21|24.34|1.27|0.09|0.16|4.89
12087822|-3.65|-14.66|22.31|1.26|0.10|0.17|6.99
12092837|56.51|-14.76|13.40|1.24|0.09|0.21|4.55
12097853|56.11|-24.65|27.74|1.30|0.11|0.16|4.64
12102871|50.58|-8.05|7.77|1.18|0.10|0.17|6.40
12107886|69.93|-12.73|24.03|1.24|0.11|0.19|4.45
12112902|51.75|-10.47|21.76|1.21|0.11|0.17|4.64
12117918|26.92|-15.10|22.63|1.19|0.08|0.17|5.18
12122934|77.76|-10.93|11.53|1.21|0.10|0.21|4.94
12127949|44.40|-8.13|23.02|1.20|0.09|0.15|4.64
12132965|8.80|-9.55|25.30|1.25|0.10|0.17|5.57
12137980|63.08|-13.73|14.47|1.23|0.10|0.22|4.69
12142997|77.81|-11.76|26.31|1.21|0.09|0.17|4.40
12148013|19.78|-20.64|15.38|1.16|0.10|0.23|4.55
12153029|22.64|-11.25|23.09|1.25|0.11|0.16|6.94
12158046|65.78|-18.37|13.22|1.18|0.09|0.12|4.30
12163061|64.11|-1.08|6.92|1.21|0.09|0.16|5.13
12168077|-17.62|-6.49|28.83|1.16|0.10|0.21|4.94
12173092|91.79|-4.15|16.82|1.25|0.07|0.24|4.40
12178109|-2.11|-0.94|8.69|1.19|0.09|0.08|6.89
12183124|38.06|0.54|17.82|1.03|0.09|0.08|4.69
12188140|-14.38|-10.34|14.08|1.33|0.08|0.19|5.82
12193156|13.98|-7.44|11.89|1.17|0.09|0.15|4.84
12198171|32.74|-16.18|23.19|1.32|0.11|0.14|4.69
12203188|9.61|-7.72|7.92|1.21|0.12|0.15|6.30
12208204|47.97|-6.09|15.40|1.23|0.09|0.19|4.50
12213220|42.76|-5.92|6.58|1.13|0.10|0.18|5.87
12218235|77.90|-6.31|24.55|1.25|0.10|0.17|4.25
12223252|-18.99|-6.40|13.76|1.18|0.07|0.12|6.65
12228268|9.42|-8.04|10.15|1.18|0.10|0.21|4.45
12233283|85.93|-5.12|7.05|1.06|0.09|0.21|6.55
12238299|73.45|-0.99|15.07|1.14|0.08|0.10|4.40
12243314|39.35|-12.54|28.12|1.27|0.10|0.12|5.13
12248331|62.56|-19.49|9.11|1.19|0.09|0.20|4.45
12253346|68.99|-5.70|21.73|1.23|0.09|0.17|4.01
12258362|-35.08|-4.40|37.45|1.22|0.08|0.24|5.13
12263379|60.85|-14.03|11.10|1.23|0.10|0.22|4.59
12268395|109.68|-18.61|23.44|1.24|0.10|0.21|3.76
12273411|31.37|-6.18|25.89|1.18|0.08|0.14|4.59
12278426|0.61|-14.92|20.45|1.24|0.09|0.16|5.82
12283442|69.34|-9.33|18.03|1.30|0.10|0.20|3.81
12288458|19.27|-7.31|21.34|1.30|0.10|0.23|4.15
12293474|97.50|-0.49|13.52|1.23|0.07|0.21|5.67
12298489|30.27|-11.30|10.22|0.99|0.09|0.14|3.81
12303505|58.08|-2.53|10.12|1.10|0.08|0.20|5.18
12308521|35.76|-3.35|26.50|1.26|0.10|0.16|4.01
12313538|-5.51|-12.99|15.71|1.29|0.12|0.19|4.11
12318554|60.56|-12.91|8.33|1.20|0.09|0.17|4.84
12323569|60.80|-11.76|8.51|1.13|0.10|0.20|3.91
12328586|75.49|4.75|17.99|1.21|0.06|0.15|5.72
12333601|5.29|-7.68|17.46|1.15|0.10|0.10|4.01
12338617|64.42|-7.73|8.35|1.18|0.08|0.15|5.23
12343632|45.92|-9.24|13.50|1.22|0.11|0.16|3.96
12348648|74.14|-16.73|10.42|1.18|0.09|0.20|3.76
12353665|65.02|-9.35|21.69|1.15|0.11|0.17|4.69
12358680|15.05|-11.60|21.08|1.21|0.10|0.14|3.71
12363696|30.18|-10.97|19.36|1.22|0.10|0.17|3.86
12368712|19.76|-20.41|14.90|1.16|0.10|0.19|5.91
12373729|88.15|-5.91|8.28|1.15|0.07|0.15|3.52
12378744|78.60|-4.09|18.61|1.16|0.08|0.14|5.33
12383760|2.58|-12.30|19.40|1.24|0.08|0.13|3.67
12388775|97.91|-6.47|18.13|1.16|0.07|0.21|4.45
12393792|-2.34|-10.78|15.24|1.21|0.09|0.14|4.06
12398808|26.60|-14.26|15.10|1.24|0.10|0.18|3.57
12403823|71.04|-9.57|0.39|1.17|0.09|0.18|5.52
12408839|49.73|-5.58|20.40|1.23|0.08|0.14|3.47
12413854|-0.37|-5.76|4.85|1.33|0.11|0.13|5.38
12418872|39.52|4.44|2.76|1.15|0.08|0.12|3.62
12423887|66.65|7.89|15.20|1.31|0.09|0.13|6.74
12428903|44.76|6.12|2.17|1.11|0.07|0.10|3.52
12433918|23.31|-3.36|21.04|1.15|0.08|0.18|4.89
12438934|34.94|-15.37|21.66|1.22|0.10|0.21|2.98
12443951|71.99|-8.50|15.88|1.24|0.11|0.17|3.42
12448966|35.05|-12.52|14.44|1.19|0.11|0.16|4.40
12453982|23.60|-8.05|12.48|1.13|0.09|0.20|3.08
12458997|38.73|-19.70|26.59|1.05|0.12|0.19|7.04
12464014|-14.24|-6.51|20.56|0.95|0.09|0.23|3.03
12469029|52.37|8.98|14.44|1.16|0.09|0.16|7.82
12474046|21.47|-7.84|9.02|1.20|0.07|0.15|3.03
12479062|47.05|-7.85|10.21|1.13|0.08|0.11|5.03
12484078|44.53|3.84|-5.75|1.20|0.13|0.14|3.32
12489094|62.99|2.89|7.47|1.29|0.07|0.09|8.46
12494109|-9.41|-9.24|5.45|0.97|0.06|0.16|2.20
